party,lp,spec,dps_contrib,total_contrib,dps_share_of_jsd
AfD,19,soft_tau1.0,0.032946627321512725,0.07390148582332931,0.44581819911274495
AfD,20,soft_tau1.0,0.031037920223957835,0.06959500140039879,0.4459791594138826
CDU/CSU,13,soft_tau1.0,0.11969753701867414,0.19834746000785977,0.603474009770183
CDU/CSU,14,soft_tau1.0,0.0659239312095476,0.11304904207838794,0.5831445361901971
CDU/CSU,15,soft_tau1.0,0.03142172227246162,0.057529256782834444,0.5461868278791535
CDU/CSU,16,soft_tau1.0,0.0032426090076066623,0.02400799326656554,0.13506372530195787
CDU/CSU,17,soft_tau1.0,0.04455344672394245,0.06349264188270572,0.7017103935641719
CDU/CSU,18,soft_tau1.0,0.03378920544344966,0.059788780010754335,0.5651429153993763
CDU/CSU,19,soft_tau1.0,0.05573055437318265,0.08554644675449256,0.6514654493262855
CDU/CSU,20,soft_tau1.0,0.059613048487230674,0.09309650454054011,0.6403360553808052
FDP,13,soft_tau1.0,0.03858610946885169,0.0865633291146667,0.4457558398399666
FDP,14,soft_tau1.0,0.049564835373439364,0.0792801291282614,0.6251861080252797
FDP,15,soft_tau1.0,0.033485797808577605,0.065739066258116,0.5093744057315922
FDP,16,soft_tau1.0,0.017143991373692914,0.038033749147923214,0.45075733415118874
FDP,17,soft_tau1.0,0.01523203626042035,0.033503584770029696,0.4546389995271795
FDP,19,soft_tau1.0,0.0365171492354239,0.0751496276622578,0.4859258837521003
FDP,20,soft_tau1.0,0.024520173179534942,0.050196949767926165,0.4884793457151922
Grüne,13,soft_tau1.0,0.06138378037808134,0.13253625089047108,0.4631471010056663
Grüne,14,soft_tau1.0,0.03490856450338867,0.06657243196075588,0.5243696748823461
Grüne,15,soft_tau1.0,0.01917841146113776,0.054476246167405123,0.3520508994361072
Grüne,16,soft_tau1.0,0.021617120487491294,0.042953707805304955,0.5032655291476722
Grüne,17,soft_tau1.0,0.022989323281225146,0.04753081741356743,0.48367195289729986
Grüne,18,soft_tau1.0,0.023821756765648697,0.06123459199783314,0.389024503772176
Grüne,19,soft_tau1.0,0.047850694710973,0.08135856444839429,0.5881457598889258
Grüne,20,soft_tau1.0,0.030066805892257645,0.05502358327890489,0.5464348939227436
Linke,13,soft_tau1.0,0.04706823763720369,0.11902195696440446,0.3954584417670115
Linke,14,soft_tau1.0,0.014996227081531123,0.04987613859402449,0.3006693682443126
Linke,15,soft_tau1.0,0.03604225341365826,0.06572982619284201,0.5483393993453655
Linke,16,soft_tau1.0,0.0161688444630836,0.04205963163029825,0.38442667794161434
Linke,17,soft_tau1.0,0.026367486735512466,0.045379046069383054,0.5810498240795422
Linke,18,soft_tau1.0,0.020187412825107075,0.06282494168341787,0.32132799942471535
Linke,19,soft_tau1.0,0.038857803295064997,0.07796258391944869,0.49841605218232715
Linke,20,soft_tau1.0,0.03795026473236,0.06734470794558162,0.5635225972473737
SPD,13,soft_tau1.0,0.09165696548646492,0.14782721653775438,0.6200276757768496
SPD,14,soft_tau1.0,0.061533023979077395,0.0989175061312302,0.6220640449370388
SPD,15,soft_tau1.0,0.020872435633355453,0.037457912868589356,0.5572236687767569
SPD,16,soft_tau1.0,0.019701835369895164,0.03582430537998078,0.5499572192934934
SPD,17,soft_tau1.0,0.05970125000999586,0.0869109376017324,0.6869244729998845
SPD,18,soft_tau1.0,0.025240166895657,0.05498479545320468,0.4590390250180685
SPD,19,soft_tau1.0,0.05352958386301472,0.07539899676682713,0.7099508767809737
SPD,20,soft_tau1.0,0.04510463326599507,0.07836741973861223,0.5755533794073824
CDU/CSU,13,hard_thr0.4,0.13702648129920023,0.22095056505088467,0.6201680510192096
FDP,13,hard_thr0.4,0.05166502859408431,0.09811333210419373,0.5265851998504896
Grüne,13,hard_thr0.4,0.07946928260376028,0.1409751594557986,0.5637112446656044
Linke,13,hard_thr0.4,0.062376106521794636,0.12499048504398096,0.4990468394441871
SPD,13,hard_thr0.4,0.11239156673299688,0.17060228561745483,0.658792854540149
CDU/CSU,14,hard_thr0.4,0.08534442568607267,0.15123098928353043,0.564331596919382
FDP,14,hard_thr0.4,0.0690990964228671,0.1185710340141061,0.5827654030127337
Grüne,14,hard_thr0.4,0.04630503143419708,0.08119079506959573,0.570323660391612
Linke,14,hard_thr0.4,0.02294466535841362,0.054065546327821457,0.4243860816515338
SPD,14,hard_thr0.4,0.07402760782275439,0.12169579119133817,0.6083004769356674
CDU/CSU,15,hard_thr0.4,0.04312439677471401,0.0776107037536623,0.5556501189783253
FDP,15,hard_thr0.4,0.04756460403747481,0.09489254944951205,0.5012469821224663
Grüne,15,hard_thr0.4,0.026617870200631846,0.06018218535257116,0.4422881961612691
Linke,15,hard_thr0.4,0.047056853312370694,0.08554713689753193,0.5500692953492439
SPD,15,hard_thr0.4,0.027563676879955937,0.05102407950175843,0.5402091943472692
CDU/CSU,16,hard_thr0.4,0.005213235054412332,0.03311165640085625,0.15744410340877787
FDP,16,hard_thr0.4,0.02719366419758465,0.05887799740973243,0.4618646250541392
Grüne,16,hard_thr0.4,0.03050334555295177,0.054260383145256046,0.5621660553205781
Linke,16,hard_thr0.4,0.02152254755420617,0.045250791562741186,0.47562808982832266
SPD,16,hard_thr0.4,0.02390137660243352,0.04685435575027582,0.5101206967783954
CDU/CSU,17,hard_thr0.4,0.05197368694371329,0.0783575356622718,0.6632889422113104
FDP,17,hard_thr0.4,0.022136781317088246,0.04502694379668893,0.49163410728125145
Grüne,17,hard_thr0.4,0.03232710897224973,0.057172413580307106,0.5654319443212158
Linke,17,hard_thr0.4,0.03275449433004534,0.05115217374925072,0.6403343578438859
SPD,17,hard_thr0.4,0.07463377477843927,0.11158857635801007,0.6688298857670828
CDU/CSU,18,hard_thr0.4,0.03736732128570351,0.06900718235526068,0.5414990151797563
Grüne,18,hard_thr0.4,0.032754224708267304,0.06772563574538767,0.48363111468463355
Linke,18,hard_thr0.4,0.025927096847374292,0.06230714401938563,0.416117561724665
SPD,18,hard_thr0.4,0.028841250002374856,0.06118743998224263,0.47135899149800925
AfD,19,hard_thr0.4,0.04459466441821536,0.09690601573541303,0.4601846859535968
CDU/CSU,19,hard_thr0.4,0.06195661611251952,0.10317383612237387,0.600507051410138
FDP,19,hard_thr0.4,0.04853803368444955,0.09800024965134702,0.4952847962850306
Grüne,19,hard_thr0.4,0.05870538590072104,0.09539725545595841,0.6153781429049945
Linke,19,hard_thr0.4,0.046700095247701676,0.0863489377570834,0.5408299912047356
SPD,19,hard_thr0.4,0.06005705894225752,0.08727747972658303,0.688116328867426
AfD,20,hard_thr0.4,0.04687426050873854,0.09402339617715524,0.49853826190685424
CDU/CSU,20,hard_thr0.4,0.07840457468251565,0.12449874726081002,0.6297619567068207
FDP,20,hard_thr0.4,0.03409045471112003,0.05985579055687681,0.569543136828612
Grüne,20,hard_thr0.4,0.039512094818106996,0.06333129592529116,0.6238952517996392
Linke,20,hard_thr0.4,0.04872696266885777,0.07541437082460271,0.64612304175004
SPD,20,hard_thr0.4,0.05520947113487895,0.08810163139625427,0.6266566266697559
CDU/CSU,13,hard_thr0.5,0.14284907637251837,0.22755864355322963,0.627746211446825
FDP,13,hard_thr0.5,0.056207951586901686,0.10486671466681946,0.5359942071751225
Grüne,13,hard_thr0.5,0.08536146849066098,0.1481693146523484,0.5761076015701747
Linke,13,hard_thr0.5,0.06761422029774616,0.13302204613877572,0.508293341294776
SPD,13,hard_thr0.5,0.11935023573269077,0.1811363037471806,0.6588973787345954
CDU/CSU,14,hard_thr0.5,0.09212456681411399,0.1628815250349258,0.5655924868972108
FDP,14,hard_thr0.5,0.07596750252287177,0.13270744710221197,0.5724434022482642
Grüne,14,hard_thr0.5,0.0505822797848762,0.088454772790592745,0.5718434199658662
Linke,14,hard_thr0.5,0.026170059218624336,0.06017670774317129,0.4348868557302232
SPD,14,hard_thr0.5,0.07810225294454703,0.1299314032656042,0.601103743833901
CDU/CSU,15,hard_thr0.5,0.04700425393495668,0.08464433217431698,0.5553148418509094
FDP,15,hard_thr0.5,0.052512646178004524,0.10551000495629585,0.49770300171776327
Grüne,15,hard_thr0.5,0.028961495796691397,0.06434738003842276,0.4500804194265262
Linke,15,hard_thr0.5,0.051356634686255245,0.09540204783053295,0.5383179486616724
SPD,15,hard_thr0.5,0.02958013183515945,0.05581652182954578,0.5299529756707552
CDU/CSU,16,hard_thr0.5,0.006001752240265862,0.035282338853002596,0.17010641684699712
FDP,16,hard_thr0.5,0.031039108839670815,0.06636705164526907,0.46768853022994605
Grüne,16,hard_thr0.5,0.03367061080606498,0.06024320336496391,0.5589113613710497
Linke,16,hard_thr0.5,0.023711876575815687,0.04963355455185946,0.4777388359530126
SPD,16,hard_thr0.5,0.02533125544989981,0.051136390127568813,0.495366516617745
CDU/CSU,17,hard_thr0.5,0.05504543354807259,0.08338397230809085,0.6601440543596107
FDP,17,hard_thr0.5,0.024967298158080076,0.049301044780601946,0.5064253357953935
Grüne,17,hard_thr0.5,0.03585803136689565,0.06275149365304603,0.5714291290842455
Linke,17,hard_thr0.5,0.03443425325045805,0.05460923173859111,0.6305573646465372
SPD,17,hard_thr0.5,0.08027960524300641,0.12162198950391413,0.6600747576195733
CDU/CSU,18,hard_thr0.5,0.038661324888586354,0.0717475558785969,0.5388521520371325
Grüne,18,hard_thr0.5,0.03550711586020286,0.07146029422576997,0.49687894858118714
Linke,18,hard_thr0.5,0.027383417544888544,0.06388612510784643,0.42862855586659054
SPD,18,hard_thr0.5,0.030599105143456352,0.06477393027656095,0.47239846359190163
AfD,19,hard_thr0.5,0.04796857627268693,0.10435147514025198,0.459682780796491
CDU/CSU,19,hard_thr0.5,0.06378556093741539,0.10780632410393862,0.5916680813262701
FDP,19,hard_thr0.5,0.05308984316382254,0.10776140078171073,0.49266103427297825
Grüne,19,hard_thr0.5,0.06209722483096604,0.10139002187885662,0.6124589351125832
Linke,19,hard_thr0.5,0.04876004532802358,0.09125906242294106,0.5343035971818848
SPD,19,hard_thr0.5,0.06229389012018807,0.09174659664414794,0.6789776667335539
AfD,20,hard_thr0.5,0.052743109114280734,0.10295196122075673,0.512307958866226
CDU/CSU,20,hard_thr0.5,0.0846250780214814,0.13473546300702308,0.6280831796827709
FDP,20,hard_thr0.5,0.037503350067760885,0.06447212003764252,0.5816987256796314
Grüne,20,hard_thr0.5,0.04347684356519632,0.06904288589467467,0.6297077968542698
Linke,20,hard_thr0.5,0.05231040383341487,0.08150428476271558,0.6418117033442694
SPD,20,hard_thr0.5,0.058974255314221125,0.09360299112221139,0.6300466962345492
