party,lp,election_date,jsd,lo95,hi95,n_sent,manifesto_present
AfD,19,2017-09-24,0.07390148582332923,0.0730425517997728,0.07484796178431188,117835,TRUE
AfD,20,2021-09-26,0.06959500140039879,0.06837447703300861,0.07100259322715004,52210,TRUE
CDU/CSU,13,1994-10-16,0.1983474600078597,0.1977016345715123,0.2003379728355654,254142,TRUE
CDU/CSU,14,1998-09-27,0.11304904207838795,0.11225516051031652,0.1145527808312104,208485,TRUE
CDU/CSU,15,2002-09-22,0.05752925678283444,0.056955211142558734,0.058775190958625656,184146,TRUE
CDU/CSU,16,2005-09-18,0.02400799326656554,0.024275191989381904,0.025298966769742758,230781,TRUE
CDU/CSU,17,2009-09-27,0.06349264188270572,0.06305129709241028,0.06442403391726946,356946,TRUE
CDU/CSU,18,2013-09-22,0.05978878001075433,0.05921726438317694,0.06073603409433785,321041,TRUE
CDU/CSU,19,2017-09-24,0.08554644675449256,0.08487303672734534,0.08665653108593861,296188,TRUE
CDU/CSU,20,2021-09-26,0.09309650454054011,0.09181246279990271,0.09474545733673277,110291,TRUE
FDP,13,1994-10-16,0.08656332911466669,0.08563141158848445,0.08763477171412866,106837,TRUE
FDP,14,1998-09-27,0.0792801291282614,0.07814824730981566,0.08043965788315988,85026,TRUE
FDP,15,2002-09-22,0.06573906625811601,0.06445086073808542,0.06699582066092691,59104,TRUE
FDP,16,2005-09-18,0.038033749147923214,0.03734603933053626,0.03874749956371896,113982,TRUE
FDP,17,2009-09-27,0.033503584770029696,0.03293954802603574,0.03400572087347811,173090,TRUE
FDP,19,2017-09-24,0.0751496276622578,0.07410255774223495,0.0761658907694485,102825,TRUE
FDP,20,2021-09-26,0.050196949767926165,0.04914273096957205,0.05137069818208615,58035,TRUE
Grüne,13,1994-10-16,0.13253625089047105,0.13108815230492277,0.13408822369654724,79421,TRUE
Grüne,14,1998-09-27,0.06657243196075588,0.0656913648660717,0.06750600045413155,120049,TRUE
Grüne,15,2002-09-22,0.054476246167405123,0.05352561387236242,0.055472946180068865,82038,TRUE
Grüne,16,2005-09-18,0.042953707805304955,0.0421342328737317,0.04377762892980707,105787,TRUE
Grüne,17,2009-09-27,0.04753081741356743,0.0468531436426109,0.04823061219094587,131814,TRUE
Grüne,18,2013-09-22,0.06123459199783314,0.060456773091382345,0.06207443025491911,130281,TRUE
Grüne,19,2017-09-24,0.08135856444839429,0.08029596245892605,0.08250986235880843,101970,TRUE
Grüne,20,2021-09-26,0.0550235832789049,0.05391982982971862,0.05611499963633872,71576,TRUE
Linke,13,1994-10-16,0.11902195696440446,0.1168650279514818,0.12128339810253425,57876,TRUE
Linke,14,1998-09-27,0.04987613859402448,0.04854650722625121,0.051419212342533514,66510,TRUE
Linke,15,2002-09-22,0.06572982619284201,0.062057222318674714,0.06951044435597349,11563,TRUE
Linke,16,2005-09-18,0.04205963163029825,0.04125058537319231,0.04286555921171303,105592,TRUE
Linke,17,2009-09-27,0.045379046069383054,0.04466416336532355,0.04610246313373412,136407,TRUE
Linke,18,2013-09-22,0.06282494168341787,0.06190650065845672,0.063725290078244,121104,TRUE
Linke,19,2017-09-24,0.07796258391944869,0.07687660655783829,0.07905469641534642,94088,TRUE
Linke,20,2021-09-26,0.06734470794558162,0.06566965006966147,0.06923706548234834,33102,TRUE
SPD,13,1994-10-16,0.14782721653775438,0.14682711455174008,0.14884162003300289,186160,TRUE
SPD,14,1998-09-27,0.09891750613123018,0.09822825108344452,0.0996591875687099,280419,TRUE
SPD,15,2002-09-22,0.03745791286858935,0.03693853560615103,0.03800835840927829,202917,TRUE
SPD,16,2005-09-18,0.03582430537998077,0.035338806958293216,0.03629300858373551,242609,TRUE
SPD,17,2009-09-27,0.0869109376017324,0.08615534855559911,0.08766958944581049,226468,TRUE
SPD,18,2013-09-22,0.05498479545320468,0.05434020374726128,0.0556308692941162,221534,TRUE
SPD,19,2017-09-24,0.07539899676682713,0.07469148159849982,0.07609352657244367,197738,TRUE
SPD,20,2021-09-26,0.07836741973861223,0.07743869453781306,0.07948363713015101,119236,TRUE
