tau_name,tau,party,lp,jsd,spearman_rho_sharp_vs_native,spearman_rho_sharp_vs_flat,spearman_rho_native_vs_flat
sharp,0.5,AfD,19,0.08278207522302966,0.991289198606272,0.7263066202090593,0.7914634146341465
sharp,0.5,AfD,20,0.07952554945090717,0.991289198606272,0.7263066202090593,0.7914634146341465
sharp,0.5,CDU/CSU,13,0.20889497328497791,0.991289198606272,0.7263066202090593,0.7914634146341465
sharp,0.5,CDU/CSU,14,0.12919375199730637,0.991289198606272,0.7263066202090593,0.7914634146341465
sharp,0.5,CDU/CSU,15,0.06603183211718716,0.991289198606272,0.7263066202090593,0.7914634146341465
sharp,0.5,CDU/CSU,16,0.027515687809824912,0.991289198606272,0.7263066202090593,0.7914634146341465
sharp,0.5,CDU/CSU,17,0.06985791492161214,0.991289198606272,0.7263066202090593,0.7914634146341465
sharp,0.5,CDU/CSU,18,0.06371427440739426,0.991289198606272,0.7263066202090593,0.7914634146341465
sharp,0.5,CDU/CSU,19,0.09346371036260326,0.991289198606272,0.7263066202090593,0.7914634146341465
sharp,0.5,CDU/CSU,20,0.10567691210469106,0.991289198606272,0.7263066202090593,0.7914634146341465
sharp,0.5,FDP,13,0.08969360496288753,0.991289198606272,0.7263066202090593,0.7914634146341465
sharp,0.5,FDP,14,0.09414356979512917,0.991289198606272,0.7263066202090593,0.7914634146341465
sharp,0.5,FDP,15,0.07646701103964698,0.991289198606272,0.7263066202090593,0.7914634146341465
sharp,0.5,FDP,16,0.045752881558978636,0.991289198606272,0.7263066202090593,0.7914634146341465
sharp,0.5,FDP,17,0.0378511466223178,0.991289198606272,0.7263066202090593,0.7914634146341465
sharp,0.5,FDP,19,0.08387161718496088,0.991289198606272,0.7263066202090593,0.7914634146341465
sharp,0.5,FDP,20,0.05392932753177642,0.991289198606272,0.7263066202090593,0.7914634146341465
sharp,0.5,Grüne,13,0.1335988253761839,0.991289198606272,0.7263066202090593,0.7914634146341465
sharp,0.5,Grüne,14,0.07145516853773841,0.991289198606272,0.7263066202090593,0.7914634146341465
sharp,0.5,Grüne,15,0.05605733979429832,0.991289198606272,0.7263066202090593,0.7914634146341465
sharp,0.5,Grüne,16,0.04680701509668744,0.991289198606272,0.7263066202090593,0.7914634146341465
sharp,0.5,Grüne,17,0.0509663711070001,0.991289198606272,0.7263066202090593,0.7914634146341465
sharp,0.5,Grüne,18,0.06411816308878719,0.991289198606272,0.7263066202090593,0.7914634146341465
sharp,0.5,Grüne,19,0.08744835193704567,0.991289198606272,0.7263066202090593,0.7914634146341465
sharp,0.5,Grüne,20,0.057670393652979324,0.991289198606272,0.7263066202090593,0.7914634146341465
sharp,0.5,Linke,13,0.11885887808865457,0.991289198606272,0.7263066202090593,0.7914634146341465
sharp,0.5,Linke,14,0.049270668674647806,0.991289198606272,0.7263066202090593,0.7914634146341465
sharp,0.5,Linke,15,0.07336086696704605,0.991289198606272,0.7263066202090593,0.7914634146341465
sharp,0.5,Linke,16,0.04211350217543834,0.991289198606272,0.7263066202090593,0.7914634146341465
sharp,0.5,Linke,17,0.04711720569168523,0.991289198606272,0.7263066202090593,0.7914634146341465
sharp,0.5,Linke,18,0.06361391300559607,0.991289198606272,0.7263066202090593,0.7914634146341465
sharp,0.5,Linke,19,0.08136813076138041,0.991289198606272,0.7263066202090593,0.7914634146341465
sharp,0.5,Linke,20,0.06972288689181418,0.991289198606272,0.7263066202090593,0.7914634146341465
sharp,0.5,SPD,13,0.1563972843668436,0.991289198606272,0.7263066202090593,0.7914634146341465
sharp,0.5,SPD,14,0.10731543389504872,0.991289198606272,0.7263066202090593,0.7914634146341465
sharp,0.5,SPD,15,0.04285752312421901,0.991289198606272,0.7263066202090593,0.7914634146341465
sharp,0.5,SPD,16,0.0398810270767203,0.991289198606272,0.7263066202090593,0.7914634146341465
sharp,0.5,SPD,17,0.09715987109436637,0.991289198606272,0.7263066202090593,0.7914634146341465
sharp,0.5,SPD,18,0.05770807475034513,0.991289198606272,0.7263066202090593,0.7914634146341465
sharp,0.5,SPD,19,0.08058632935857296,0.991289198606272,0.7263066202090593,0.7914634146341465
sharp,0.5,SPD,20,0.0820424458190763,0.991289198606272,0.7263066202090593,0.7914634146341465
native,1,AfD,19,0.07390148582332923,0.991289198606272,0.7263066202090593,0.7914634146341465
native,1,AfD,20,0.06959500140039879,0.991289198606272,0.7263066202090593,0.7914634146341465
native,1,CDU/CSU,13,0.19834746000785977,0.991289198606272,0.7263066202090593,0.7914634146341465
native,1,CDU/CSU,14,0.11304904207838795,0.991289198606272,0.7263066202090593,0.7914634146341465
native,1,CDU/CSU,15,0.05752925678283444,0.991289198606272,0.7263066202090593,0.7914634146341465
native,1,CDU/CSU,16,0.02400799326656554,0.991289198606272,0.7263066202090593,0.7914634146341465
native,1,CDU/CSU,17,0.06349264188270572,0.991289198606272,0.7263066202090593,0.7914634146341465
native,1,CDU/CSU,18,0.05978878001075433,0.991289198606272,0.7263066202090593,0.7914634146341465
native,1,CDU/CSU,19,0.08554644675449256,0.991289198606272,0.7263066202090593,0.7914634146341465
native,1,CDU/CSU,20,0.09309650454054011,0.991289198606272,0.7263066202090593,0.7914634146341465
native,1,FDP,13,0.08656332911466669,0.991289198606272,0.7263066202090593,0.7914634146341465
native,1,FDP,14,0.0792801291282614,0.991289198606272,0.7263066202090593,0.7914634146341465
native,1,FDP,15,0.06573906625811601,0.991289198606272,0.7263066202090593,0.7914634146341465
native,1,FDP,16,0.038033749147923214,0.991289198606272,0.7263066202090593,0.7914634146341465
native,1,FDP,17,0.033503584770029696,0.991289198606272,0.7263066202090593,0.7914634146341465
native,1,FDP,19,0.0751496276622578,0.991289198606272,0.7263066202090593,0.7914634146341465
native,1,FDP,20,0.050196949767926165,0.991289198606272,0.7263066202090593,0.7914634146341465
native,1,Grüne,13,0.13253625089047105,0.991289198606272,0.7263066202090593,0.7914634146341465
native,1,Grüne,14,0.06657243196075588,0.991289198606272,0.7263066202090593,0.7914634146341465
native,1,Grüne,15,0.054476246167405123,0.991289198606272,0.7263066202090593,0.7914634146341465
native,1,Grüne,16,0.042953707805304955,0.991289198606272,0.7263066202090593,0.7914634146341465
native,1,Grüne,17,0.04753081741356743,0.991289198606272,0.7263066202090593,0.7914634146341465
native,1,Grüne,18,0.06123459199783314,0.991289198606272,0.7263066202090593,0.7914634146341465
native,1,Grüne,19,0.08135856444839429,0.991289198606272,0.7263066202090593,0.7914634146341465
native,1,Grüne,20,0.0550235832789049,0.991289198606272,0.7263066202090593,0.7914634146341465
native,1,Linke,13,0.11902195696440446,0.991289198606272,0.7263066202090593,0.7914634146341465
native,1,Linke,14,0.04987613859402448,0.991289198606272,0.7263066202090593,0.7914634146341465
native,1,Linke,15,0.06572982619284201,0.991289198606272,0.7263066202090593,0.7914634146341465
native,1,Linke,16,0.04205963163029825,0.991289198606272,0.7263066202090593,0.7914634146341465
native,1,Linke,17,0.045379046069383054,0.991289198606272,0.7263066202090593,0.7914634146341465
native,1,Linke,18,0.06282494168341787,0.991289198606272,0.7263066202090593,0.7914634146341465
native,1,Linke,19,0.07796258391944869,0.991289198606272,0.7263066202090593,0.7914634146341465
native,1,Linke,20,0.06734470794558162,0.991289198606272,0.7263066202090593,0.7914634146341465
native,1,SPD,13,0.14782721653775438,0.991289198606272,0.7263066202090593,0.7914634146341465
native,1,SPD,14,0.09891750613123018,0.991289198606272,0.7263066202090593,0.7914634146341465
native,1,SPD,15,0.03745791286858935,0.991289198606272,0.7263066202090593,0.7914634146341465
native,1,SPD,16,0.03582430537998077,0.991289198606272,0.7263066202090593,0.7914634146341465
native,1,SPD,17,0.0869109376017324,0.991289198606272,0.7263066202090593,0.7914634146341465
native,1,SPD,18,0.05498479545320468,0.991289198606272,0.7263066202090593,0.7914634146341465
native,1,SPD,19,0.07539899676682713,0.991289198606272,0.7263066202090593,0.7914634146341465
native,1,SPD,20,0.07836741973861223,0.991289198606272,0.7263066202090593,0.7914634146341465
flat,2,AfD,19,0.048378601229940706,0.991289198606272,0.7263066202090593,0.7914634146341465
flat,2,AfD,20,0.0420914968632607,0.991289198606272,0.7263066202090593,0.7914634146341465
flat,2,CDU/CSU,13,0.15558162547665105,0.991289198606272,0.7263066202090593,0.7914634146341465
flat,2,CDU/CSU,14,0.06271445452947767,0.991289198606272,0.7263066202090593,0.7914634146341465
flat,2,CDU/CSU,15,0.028182703604188612,0.991289198606272,0.7263066202090593,0.7914634146341465
flat,2,CDU/CSU,16,0.01687335982697343,0.991289198606272,0.7263066202090593,0.7914634146341465
flat,2,CDU/CSU,17,0.03873117878863812,0.991289198606272,0.7263066202090593,0.7914634146341465
flat,2,CDU/CSU,18,0.041652688495622134,0.991289198606272,0.7263066202090593,0.7914634146341465
flat,2,CDU/CSU,19,0.05466984799555965,0.991289198606272,0.7263066202090593,0.7914634146341465
flat,2,CDU/CSU,20,0.05247492059740501,0.991289198606272,0.7263066202090593,0.7914634146341465
flat,2,FDP,13,0.07139176695261507,0.991289198606272,0.7263066202090593,0.7914634146341465
flat,2,FDP,14,0.03957820347532614,0.991289198606272,0.7263066202090593,0.7914634146341465
flat,2,FDP,15,0.03583979751335335,0.991289198606272,0.7263066202090593,0.7914634146341465
flat,2,FDP,16,0.020798842589696068,0.991289198606272,0.7263066202090593,0.7914634146341465
flat,2,FDP,17,0.023543618309365015,0.991289198606272,0.7263066202090593,0.7914634146341465
flat,2,FDP,19,0.04737029022173543,0.991289198606272,0.7263066202090593,0.7914634146341465
flat,2,FDP,20,0.03676578900917799,0.991289198606272,0.7263066202090593,0.7914634146341465
flat,2,Grüne,13,0.12431157764743672,0.991289198606272,0.7263066202090593,0.7914634146341465
flat,2,Grüne,14,0.051502906207022386,0.991289198606272,0.7263066202090593,0.7914634146341465
flat,2,Grüne,15,0.05120939823833813,0.991289198606272,0.7263066202090593,0.7914634146341465
flat,2,Grüne,16,0.03570180094975409,0.991289198606272,0.7263066202090593,0.7914634146341465
flat,2,Grüne,17,0.042913010331618956,0.991289198606272,0.7263066202090593,0.7914634146341465
flat,2,Grüne,18,0.056187515975800906,0.991289198606272,0.7263066202090593,0.7914634146341465
flat,2,Grüne,19,0.06494278251697683,0.991289198606272,0.7263066202090593,0.7914634146341465
flat,2,Grüne,20,0.05147757622228184,0.991289198606272,0.7263066202090593,0.7914634146341465
flat,2,Linke,13,0.11531333433920576,0.991289198606272,0.7263066202090593,0.7914634146341465
flat,2,Linke,14,0.05659072070002293,0.991289198606272,0.7263066202090593,0.7914634146341465
flat,2,Linke,15,0.04723925376934079,0.991289198606272,0.7263066202090593,0.7914634146341465
flat,2,Linke,16,0.047076212033590414,0.991289198606272,0.7263066202090593,0.7914634146341465
flat,2,Linke,17,0.04461468744425123,0.991289198606272,0.7263066202090593,0.7914634146341465
flat,2,Linke,18,0.062229277577622505,0.991289198606272,0.7263066202090593,0.7914634146341465
flat,2,Linke,19,0.07131353019266241,0.991289198606272,0.7263066202090593,0.7914634146341465
flat,2,Linke,20,0.06697181276980815,0.991289198606272,0.7263066202090593,0.7914634146341465
flat,2,SPD,13,0.11919700405297426,0.991289198606272,0.7263066202090593,0.7914634146341465
flat,2,SPD,14,0.07034168425962006,0.991289198606272,0.7263066202090593,0.7914634146341465
flat,2,SPD,15,0.019600866782001576,0.991289198606272,0.7263066202090593,0.7914634146341465
flat,2,SPD,16,0.02430077594967347,0.991289198606272,0.7263066202090593,0.7914634146341465
flat,2,SPD,17,0.054766680850332775,0.991289198606272,0.7263066202090593,0.7914634146341465
flat,2,SPD,18,0.04493522505316809,0.991289198606272,0.7263066202090593,0.7914634146341465
flat,2,SPD,19,0.055682243096010824,0.991289198606272,0.7263066202090593,0.7914634146341465
flat,2,SPD,20,0.06511355985560596,0.991289198606272,0.7263066202090593,0.7914634146341465
