party,lp,domain,sub_bucket,share_within_domain,source
AfD,19,Economy,Marktliberalismus,0.32574842142584276,Speech
AfD,19,Economy,Staatsintervention,0.2645281918949899,Speech
AfD,19,Economy,Wirtschaft Allgemein,0.40972338667916736,Speech
AfD,19,Europe,Contra-EU,0.7969616814198399,Speech
AfD,19,Europe,Pro-EU,0.20303831858016,Speech
AfD,19,Migration,Migration liberal,0.15801032501049408,Speech
AfD,19,Migration,Migration restriktiv,0.8419896749895059,Speech
AfD,19,Welfare,Sozialstaat Ausbau,0.902381617625426,Speech
AfD,19,Welfare,Sozialstaat Begrenzung,0.097618382374574,Speech
AfD,20,Economy,Marktliberalismus,0.279655248339851,Speech
AfD,20,Economy,Staatsintervention,0.24568826065030794,Speech
AfD,20,Economy,Wirtschaft Allgemein,0.47465649100984103,Speech
AfD,20,Europe,Contra-EU,0.8004767321457581,Speech
AfD,20,Europe,Pro-EU,0.19952326785424193,Speech
AfD,20,Migration,Migration liberal,0.14312806202756032,Speech
AfD,20,Migration,Migration restriktiv,0.8568719379724398,Speech
AfD,20,Welfare,Sozialstaat Ausbau,0.9154584962765825,Speech
AfD,20,Welfare,Sozialstaat Begrenzung,0.08454150372341741,Speech
CDU/CSU,13,Economy,Marktliberalismus,0.378573290499362,Speech
CDU/CSU,13,Economy,Staatsintervention,0.18578248498706598,Speech
CDU/CSU,13,Economy,Wirtschaft Allgemein,0.435644224513572,Speech
CDU/CSU,13,Europe,Contra-EU,0.2755755350414958,Speech
CDU/CSU,13,Europe,Pro-EU,0.7244244649585042,Speech
CDU/CSU,13,Migration,Migration liberal,0.17195138675367544,Speech
CDU/CSU,13,Migration,Migration restriktiv,0.8280486132463245,Speech
CDU/CSU,13,Welfare,Sozialstaat Ausbau,0.8646186259445712,Speech
CDU/CSU,13,Welfare,Sozialstaat Begrenzung,0.13538137405542885,Speech
CDU/CSU,14,Economy,Marktliberalismus,0.35138393904460796,Speech
CDU/CSU,14,Economy,Staatsintervention,0.2133397281828551,Speech
CDU/CSU,14,Economy,Wirtschaft Allgemein,0.43527633277253686,Speech
CDU/CSU,14,Europe,Contra-EU,0.3695962522364991,Speech
CDU/CSU,14,Europe,Pro-EU,0.6304037477635008,Speech
CDU/CSU,14,Migration,Migration liberal,0.19947224423301083,Speech
CDU/CSU,14,Migration,Migration restriktiv,0.8005277557669892,Speech
CDU/CSU,14,Welfare,Sozialstaat Ausbau,0.9094870577648648,Speech
CDU/CSU,14,Welfare,Sozialstaat Begrenzung,0.0905129422351352,Speech
CDU/CSU,15,Economy,Marktliberalismus,0.35269933882431087,Speech
CDU/CSU,15,Economy,Staatsintervention,0.2055310268762842,Speech
CDU/CSU,15,Economy,Wirtschaft Allgemein,0.44176963429940486,Speech
CDU/CSU,15,Europe,Contra-EU,0.4166242031052091,Speech
CDU/CSU,15,Europe,Pro-EU,0.5833757968947909,Speech
CDU/CSU,15,Migration,Migration liberal,0.1803773934586616,Speech
CDU/CSU,15,Migration,Migration restriktiv,0.8196226065413384,Speech
CDU/CSU,15,Welfare,Sozialstaat Ausbau,0.8976999386949202,Speech
CDU/CSU,15,Welfare,Sozialstaat Begrenzung,0.10230006130507979,Speech
CDU/CSU,16,Economy,Marktliberalismus,0.32824166526257453,Speech
CDU/CSU,16,Economy,Staatsintervention,0.26304828062338803,Speech
CDU/CSU,16,Economy,Wirtschaft Allgemein,0.4087100541140375,Speech
CDU/CSU,16,Europe,Contra-EU,0.2888347792419503,Speech
CDU/CSU,16,Europe,Pro-EU,0.7111652207580498,Speech
CDU/CSU,16,Migration,Migration liberal,0.23528356443609746,Speech
CDU/CSU,16,Migration,Migration restriktiv,0.7647164355639026,Speech
CDU/CSU,16,Welfare,Sozialstaat Ausbau,0.9058295084578742,Speech
CDU/CSU,16,Welfare,Sozialstaat Begrenzung,0.094170491542125645,Speech
CDU/CSU,17,Economy,Marktliberalismus,0.30610716854853076,Speech
CDU/CSU,17,Economy,Staatsintervention,0.2862476851841913,Speech
CDU/CSU,17,Economy,Wirtschaft Allgemein,0.4076451462672779,Speech
CDU/CSU,17,Europe,Contra-EU,0.2853906515573713,Speech
CDU/CSU,17,Europe,Pro-EU,0.7146093484426287,Speech
CDU/CSU,17,Migration,Migration liberal,0.25063987454781267,Speech
CDU/CSU,17,Migration,Migration restriktiv,0.7493601254521873,Speech
CDU/CSU,17,Welfare,Sozialstaat Ausbau,0.9250341567729872,Speech
CDU/CSU,17,Welfare,Sozialstaat Begrenzung,0.07496584322701279,Speech
CDU/CSU,18,Economy,Marktliberalismus,0.281894985915702,Speech
CDU/CSU,18,Economy,Staatsintervention,0.2597154164197303,Speech
CDU/CSU,18,Economy,Wirtschaft Allgemein,0.4583895976645677,Speech
CDU/CSU,18,Europe,Contra-EU,0.2600335563734815,Speech
CDU/CSU,18,Europe,Pro-EU,0.7399664436265184,Speech
CDU/CSU,18,Migration,Migration liberal,0.2510668889021733,Speech
CDU/CSU,18,Migration,Migration restriktiv,0.7489331110978267,Speech
CDU/CSU,18,Welfare,Sozialstaat Ausbau,0.9363954190637077,Speech
CDU/CSU,18,Welfare,Sozialstaat Begrenzung,0.06360458093629233,Speech
CDU/CSU,19,Economy,Marktliberalismus,0.2675743626211064,Speech
CDU/CSU,19,Economy,Staatsintervention,0.24459373352387473,Speech
CDU/CSU,19,Economy,Wirtschaft Allgemein,0.48783190385501884,Speech
CDU/CSU,19,Europe,Contra-EU,0.26196419941981974,Speech
CDU/CSU,19,Europe,Pro-EU,0.7380358005801803,Speech
CDU/CSU,19,Migration,Migration liberal,0.2255912025969895,Speech
CDU/CSU,19,Migration,Migration restriktiv,0.7744087974030105,Speech
CDU/CSU,19,Welfare,Sozialstaat Ausbau,0.9434560368296918,Speech
CDU/CSU,19,Welfare,Sozialstaat Begrenzung,0.05654396317030815,Speech
CDU/CSU,20,Economy,Marktliberalismus,0.292737907873211,Speech
CDU/CSU,20,Economy,Staatsintervention,0.2331868244306626,Speech
CDU/CSU,20,Economy,Wirtschaft Allgemein,0.4740752676961263,Speech
CDU/CSU,20,Europe,Contra-EU,0.3347315097202463,Speech
CDU/CSU,20,Europe,Pro-EU,0.6652684902797539,Speech
CDU/CSU,20,Migration,Migration liberal,0.24217643099526512,Speech
CDU/CSU,20,Migration,Migration restriktiv,0.757823569004735,Speech
CDU/CSU,20,Welfare,Sozialstaat Ausbau,0.9444686999214885,Speech
CDU/CSU,20,Welfare,Sozialstaat Begrenzung,0.055531300078511585,Speech
FDP,13,Economy,Marktliberalismus,0.4141712638076608,Speech
FDP,13,Economy,Staatsintervention,0.20215032456132243,Speech
FDP,13,Economy,Wirtschaft Allgemein,0.38367841163101685,Speech
FDP,13,Europe,Contra-EU,0.27030859025456605,Speech
FDP,13,Europe,Pro-EU,0.7296914097454339,Speech
FDP,13,Migration,Migration liberal,0.19630220989268446,Speech
FDP,13,Migration,Migration restriktiv,0.8036977901073156,Speech
FDP,13,Welfare,Sozialstaat Ausbau,0.8472316177818415,Speech
FDP,13,Welfare,Sozialstaat Begrenzung,0.1527683822181585,Speech
FDP,14,Economy,Marktliberalismus,0.39919271125787464,Speech
FDP,14,Economy,Staatsintervention,0.2265254036465188,Speech
FDP,14,Economy,Wirtschaft Allgemein,0.3742818850956065,Speech
FDP,14,Europe,Contra-EU,0.3352464941081335,Speech
FDP,14,Europe,Pro-EU,0.6647535058918665,Speech
FDP,14,Migration,Migration liberal,0.22570982759138683,Speech
FDP,14,Migration,Migration restriktiv,0.7742901724086131,Speech
FDP,14,Welfare,Sozialstaat Ausbau,0.8895753075467231,Speech
FDP,14,Welfare,Sozialstaat Begrenzung,0.11042469245327684,Speech
FDP,15,Economy,Marktliberalismus,0.3878896299167628,Speech
FDP,15,Economy,Staatsintervention,0.22147584488248817,Speech
FDP,15,Economy,Wirtschaft Allgemein,0.39063452520074904,Speech
FDP,15,Europe,Contra-EU,0.3605010864343178,Speech
FDP,15,Europe,Pro-EU,0.6394989135656821,Speech
FDP,15,Migration,Migration liberal,0.21857615530673988,Speech
FDP,15,Migration,Migration restriktiv,0.7814238446932601,Speech
FDP,15,Welfare,Sozialstaat Ausbau,0.8810060273092335,Speech
FDP,15,Welfare,Sozialstaat Begrenzung,0.11899397269076652,Speech
FDP,16,Economy,Marktliberalismus,0.3964359017810498,Speech
FDP,16,Economy,Staatsintervention,0.2745600824775478,Speech
FDP,16,Economy,Wirtschaft Allgemein,0.32900401574140226,Speech
FDP,16,Europe,Contra-EU,0.36760540120506136,Speech
FDP,16,Europe,Pro-EU,0.6323945987949386,Speech
FDP,16,Migration,Migration liberal,0.27256419295643175,Speech
FDP,16,Migration,Migration restriktiv,0.72743580704356825,Speech
FDP,16,Welfare,Sozialstaat Ausbau,0.8802678530455805,Speech
FDP,16,Welfare,Sozialstaat Begrenzung,0.11973214695441944,Speech
FDP,17,Economy,Marktliberalismus,0.3276303308662732,Speech
FDP,17,Economy,Staatsintervention,0.29439187797628946,Speech
FDP,17,Economy,Wirtschaft Allgemein,0.37797779115743735,Speech
FDP,17,Europe,Contra-EU,0.31596297804262113,Speech
FDP,17,Europe,Pro-EU,0.6840370219573789,Speech
FDP,17,Migration,Migration liberal,0.30725779902854133,Speech
FDP,17,Migration,Migration restriktiv,0.6927422009714587,Speech
FDP,17,Welfare,Sozialstaat Ausbau,0.9231429906425962,Speech
FDP,17,Welfare,Sozialstaat Begrenzung,0.07685700935740374,Speech
FDP,18,Economy,Marktliberalismus,0.3264003663654675,Speech
FDP,18,Economy,Staatsintervention,0.3212860295090264,Speech
FDP,18,Economy,Wirtschaft Allgemein,0.35231360412550616,Speech
FDP,18,Europe,Contra-EU,0.19921791267201364,Speech
FDP,18,Europe,Pro-EU,0.8007820873279864,Speech
FDP,18,Migration,Migration liberal,0.11969933301741807,Speech
FDP,18,Migration,Migration restriktiv,0.8803006669825819,Speech
FDP,18,Welfare,Sozialstaat Ausbau,0.897283892792596,Speech
FDP,18,Welfare,Sozialstaat Begrenzung,0.10271610720740397,Speech
FDP,19,Economy,Marktliberalismus,0.3295833095275386,Speech
FDP,19,Economy,Staatsintervention,0.2355030877741999,Speech
FDP,19,Economy,Wirtschaft Allgemein,0.4349136026982615,Speech
FDP,19,Europe,Contra-EU,0.3425801830697847,Speech
FDP,19,Europe,Pro-EU,0.6574198169302153,Speech
FDP,19,Migration,Migration liberal,0.2992817575674381,Speech
FDP,19,Migration,Migration restriktiv,0.700718242432562,Speech
FDP,19,Welfare,Sozialstaat Ausbau,0.927605661910932,Speech
FDP,19,Welfare,Sozialstaat Begrenzung,0.07239433808906807,Speech
FDP,20,Economy,Marktliberalismus,0.27547981126439525,Speech
FDP,20,Economy,Staatsintervention,0.19127093685309068,Speech
FDP,20,Economy,Wirtschaft Allgemein,0.533249251882514,Speech
FDP,20,Europe,Contra-EU,0.23885058591575803,Speech
FDP,20,Europe,Pro-EU,0.761149414084242,Speech
FDP,20,Migration,Migration liberal,0.358393408914714,Speech
FDP,20,Migration,Migration restriktiv,0.6416065910852861,Speech
FDP,20,Welfare,Sozialstaat Ausbau,0.9472609785074807,Speech
FDP,20,Welfare,Sozialstaat Begrenzung,0.05273902149251936,Speech
Grüne,13,Economy,Marktliberalismus,0.32170318058976477,Speech
Grüne,13,Economy,Staatsintervention,0.26034400973041444,Speech
Grüne,13,Economy,Wirtschaft Allgemein,0.41795280967982085,Speech
Grüne,13,Europe,Contra-EU,0.4448071288741453,Speech
Grüne,13,Europe,Pro-EU,0.5551928711258547,Speech
Grüne,13,Migration,Migration liberal,0.3094912758344222,Speech
Grüne,13,Migration,Migration restriktiv,0.6905087241655778,Speech
Grüne,13,Welfare,Sozialstaat Ausbau,0.9171786970106177,Speech
Grüne,13,Welfare,Sozialstaat Begrenzung,0.0828213029893822,Speech
Grüne,14,Economy,Marktliberalismus,0.3335351832321508,Speech
Grüne,14,Economy,Staatsintervention,0.2561493435787512,Speech
Grüne,14,Economy,Wirtschaft Allgemein,0.410315473189098,Speech
Grüne,14,Europe,Contra-EU,0.2503895541243308,Speech
Grüne,14,Europe,Pro-EU,0.7496104458756693,Speech
Grüne,14,Migration,Migration liberal,0.3260859715816213,Speech
Grüne,14,Migration,Migration restriktiv,0.6739140284183787,Speech
Grüne,14,Welfare,Sozialstaat Ausbau,0.9189133922564983,Speech
Grüne,14,Welfare,Sozialstaat Begrenzung,0.08108660774350178,Speech
Grüne,15,Economy,Marktliberalismus,0.3135588887463617,Speech
Grüne,15,Economy,Staatsintervention,0.27870584276481125,Speech
Grüne,15,Economy,Wirtschaft Allgemein,0.4077352684888271,Speech
Grüne,15,Europe,Contra-EU,0.2587670096755748,Speech
Grüne,15,Europe,Pro-EU,0.7412329903244251,Speech
Grüne,15,Migration,Migration liberal,0.3100928646457636,Speech
Grüne,15,Migration,Migration restriktiv,0.6899071353542364,Speech
Grüne,15,Welfare,Sozialstaat Ausbau,0.9067897938826077,Speech
Grüne,15,Welfare,Sozialstaat Begrenzung,0.09321020611739228,Speech
Grüne,16,Economy,Marktliberalismus,0.2888244552453109,Speech
Grüne,16,Economy,Staatsintervention,0.34398275743084405,Speech
Grüne,16,Economy,Wirtschaft Allgemein,0.367192787323845,Speech
Grüne,16,Europe,Contra-EU,0.36868581531672234,Speech
Grüne,16,Europe,Pro-EU,0.6313141846832776,Speech
Grüne,16,Migration,Migration liberal,0.3483691567306412,Speech
Grüne,16,Migration,Migration restriktiv,0.6516308432693587,Speech
Grüne,16,Welfare,Sozialstaat Ausbau,0.9262101781655294,Speech
Grüne,16,Welfare,Sozialstaat Begrenzung,0.07378982183447064,Speech
Grüne,17,Economy,Marktliberalismus,0.2472501094045988,Speech
Grüne,17,Economy,Staatsintervention,0.37460565694544534,Speech
Grüne,17,Economy,Wirtschaft Allgemein,0.3781442336499558,Speech
Grüne,17,Europe,Contra-EU,0.35752708194778904,Speech
Grüne,17,Europe,Pro-EU,0.6424729180522111,Speech
Grüne,17,Migration,Migration liberal,0.4174069981703958,Speech
Grüne,17,Migration,Migration restriktiv,0.5825930018296042,Speech
Grüne,17,Welfare,Sozialstaat Ausbau,0.9440984833001177,Speech
Grüne,17,Welfare,Sozialstaat Begrenzung,0.05590151669988224,Speech
Grüne,18,Economy,Marktliberalismus,0.22752263124527244,Speech
Grüne,18,Economy,Staatsintervention,0.3551430354800883,Speech
Grüne,18,Economy,Wirtschaft Allgemein,0.4173343332746393,Speech
Grüne,18,Europe,Contra-EU,0.39791674370648794,Speech
Grüne,18,Europe,Pro-EU,0.6020832562935121,Speech
Grüne,18,Migration,Migration liberal,0.3868691920641652,Speech
Grüne,18,Migration,Migration restriktiv,0.6131308079358349,Speech
Grüne,18,Welfare,Sozialstaat Ausbau,0.9477109835596061,Speech
Grüne,18,Welfare,Sozialstaat Begrenzung,0.05228901644039388,Speech
Grüne,19,Economy,Marktliberalismus,0.22025764893297806,Speech
Grüne,19,Economy,Staatsintervention,0.3331789042821203,Speech
Grüne,19,Economy,Wirtschaft Allgemein,0.4465634467849016,Speech
Grüne,19,Europe,Contra-EU,0.32991374169923054,Speech
Grüne,19,Europe,Pro-EU,0.6700862583007694,Speech
Grüne,19,Migration,Migration liberal,0.3800822199156565,Speech
Grüne,19,Migration,Migration restriktiv,0.6199177800843435,Speech
Grüne,19,Welfare,Sozialstaat Ausbau,0.9643434050270748,Speech
Grüne,19,Welfare,Sozialstaat Begrenzung,0.03565659497292521,Speech
Grüne,20,Economy,Marktliberalismus,0.19632128555810804,Speech
Grüne,20,Economy,Staatsintervention,0.28029804743910774,Speech
Grüne,20,Economy,Wirtschaft Allgemein,0.5233806670027842,Speech
Grüne,20,Europe,Contra-EU,0.22908336983484748,Speech
Grüne,20,Europe,Pro-EU,0.7709166301651524,Speech
Grüne,20,Migration,Migration liberal,0.4418771623870913,Speech
Grüne,20,Migration,Migration restriktiv,0.5581228376129086,Speech
Grüne,20,Welfare,Sozialstaat Ausbau,0.9739847721616167,Speech
Grüne,20,Welfare,Sozialstaat Begrenzung,0.026015227838383302,Speech
Linke,13,Economy,Marktliberalismus,0.3067079693431575,Speech
Linke,13,Economy,Staatsintervention,0.3136799532395606,Speech
Linke,13,Economy,Wirtschaft Allgemein,0.37961207741728187,Speech
Linke,13,Europe,Contra-EU,0.633782311935733,Speech
Linke,13,Europe,Pro-EU,0.366217688064267,Speech
Linke,13,Migration,Migration liberal,0.3106610237923512,Speech
Linke,13,Migration,Migration restriktiv,0.6893389762076488,Speech
Linke,13,Welfare,Sozialstaat Ausbau,0.932292804420729,Speech
Linke,13,Welfare,Sozialstaat Begrenzung,0.06770719557927099,Speech
Linke,14,Economy,Marktliberalismus,0.28607679502132133,Speech
Linke,14,Economy,Staatsintervention,0.31465960273895005,Speech
Linke,14,Economy,Wirtschaft Allgemein,0.3992636022397286,Speech
Linke,14,Europe,Contra-EU,0.4647159664016099,Speech
Linke,14,Europe,Pro-EU,0.53528403359839,Speech
Linke,14,Migration,Migration liberal,0.3669367294350162,Speech
Linke,14,Migration,Migration restriktiv,0.6330632705649838,Speech
Linke,14,Welfare,Sozialstaat Ausbau,0.9462527937251866,Speech
Linke,14,Welfare,Sozialstaat Begrenzung,0.05374720627481351,Speech
Linke,15,Economy,Marktliberalismus,0.26594412829983916,Speech
Linke,15,Economy,Staatsintervention,0.2838886845540945,Speech
Linke,15,Economy,Wirtschaft Allgemein,0.4501671871460663,Speech
Linke,15,Europe,Contra-EU,0.4661681721106955,Speech
Linke,15,Europe,Pro-EU,0.5338318278893044,Speech
Linke,15,Migration,Migration liberal,0.3443593172680216,Speech
Linke,15,Migration,Migration restriktiv,0.6556406827319784,Speech
Linke,15,Welfare,Sozialstaat Ausbau,0.939066148718605,Speech
Linke,15,Welfare,Sozialstaat Begrenzung,0.060933851281394925,Speech
Linke,16,Economy,Marktliberalismus,0.2405064153539967,Speech
Linke,16,Economy,Staatsintervention,0.4413191770736697,Speech
Linke,16,Economy,Wirtschaft Allgemein,0.3181744075723335,Speech
Linke,16,Europe,Contra-EU,0.5503256435829835,Speech
Linke,16,Europe,Pro-EU,0.4496743564170165,Speech
Linke,16,Migration,Migration liberal,0.3692879523453618,Speech
Linke,16,Migration,Migration restriktiv,0.6307120476546382,Speech
Linke,16,Welfare,Sozialstaat Ausbau,0.9468559991197497,Speech
Linke,16,Welfare,Sozialstaat Begrenzung,0.05314400088025024,Speech
Linke,17,Economy,Marktliberalismus,0.2043983274126179,Speech
Linke,17,Economy,Staatsintervention,0.48398642348295345,Speech
Linke,17,Economy,Wirtschaft Allgemein,0.3116152491044286,Speech
Linke,17,Europe,Contra-EU,0.5551413784681752,Speech
Linke,17,Europe,Pro-EU,0.4448586215318247,Speech
Linke,17,Migration,Migration liberal,0.4110149239680231,Speech
Linke,17,Migration,Migration restriktiv,0.588985076031977,Speech
Linke,17,Welfare,Sozialstaat Ausbau,0.9526407711855029,Speech
Linke,17,Welfare,Sozialstaat Begrenzung,0.04735922881449705,Speech
Linke,18,Economy,Marktliberalismus,0.20714066616740007,Speech
Linke,18,Economy,Staatsintervention,0.4541298137818604,Speech
Linke,18,Economy,Wirtschaft Allgemein,0.3387295200507396,Speech
Linke,18,Europe,Contra-EU,0.5918843866228751,Speech
Linke,18,Europe,Pro-EU,0.4081156133771248,Speech
Linke,18,Migration,Migration liberal,0.4134127308023965,Speech
Linke,18,Migration,Migration restriktiv,0.5865872691976035,Speech
Linke,18,Welfare,Sozialstaat Ausbau,0.9586901797580871,Speech
Linke,18,Welfare,Sozialstaat Begrenzung,0.04130982024191289,Speech
Linke,19,Economy,Marktliberalismus,0.187712459805937,Speech
Linke,19,Economy,Staatsintervention,0.4660253241207455,Speech
Linke,19,Economy,Wirtschaft Allgemein,0.34626221607331753,Speech
Linke,19,Europe,Contra-EU,0.5066001767528547,Speech
Linke,19,Europe,Pro-EU,0.49339982324714526,Speech
Linke,19,Migration,Migration liberal,0.42516465901246486,Speech
Linke,19,Migration,Migration restriktiv,0.5748353409875351,Speech
Linke,19,Welfare,Sozialstaat Ausbau,0.9685030908872245,Speech
Linke,19,Welfare,Sozialstaat Begrenzung,0.03149690911277548,Speech
Linke,20,Economy,Marktliberalismus,0.1491503759879205,Speech
Linke,20,Economy,Staatsintervention,0.4936966969472003,Speech
Linke,20,Economy,Wirtschaft Allgemein,0.35715292706487917,Speech
Linke,20,Europe,Contra-EU,0.5193714582751131,Speech
Linke,20,Europe,Pro-EU,0.480628541724887,Speech
Linke,20,Migration,Migration liberal,0.47553178158113557,Speech
Linke,20,Migration,Migration restriktiv,0.5244682184188645,Speech
Linke,20,Welfare,Sozialstaat Ausbau,0.9768025718448795,Speech
Linke,20,Welfare,Sozialstaat Begrenzung,0.023197428155120513,Speech
SPD,13,Economy,Marktliberalismus,0.3147480458084456,Speech
SPD,13,Economy,Staatsintervention,0.2509245600405974,Speech
SPD,13,Economy,Wirtschaft Allgemein,0.43432739415095695,Speech
SPD,13,Europe,Contra-EU,0.3629280587058818,Speech
SPD,13,Europe,Pro-EU,0.6370719412941181,Speech
SPD,13,Migration,Migration liberal,0.24644485263991278,Speech
SPD,13,Migration,Migration restriktiv,0.7535551473600872,Speech
SPD,13,Welfare,Sozialstaat Ausbau,0.9180281786655634,Speech
SPD,13,Welfare,Sozialstaat Begrenzung,0.08197182133443653,Speech
SPD,14,Economy,Marktliberalismus,0.32501506245513456,Speech
SPD,14,Economy,Staatsintervention,0.2151052883974418,Speech
SPD,14,Economy,Wirtschaft Allgemein,0.45987964914742363,Speech
SPD,14,Europe,Contra-EU,0.23769622144516808,Speech
SPD,14,Europe,Pro-EU,0.762303778554832,Speech
SPD,14,Migration,Migration liberal,0.2636328466450116,Speech
SPD,14,Migration,Migration restriktiv,0.7363671533549885,Speech
SPD,14,Welfare,Sozialstaat Ausbau,0.9259430492340437,Speech
SPD,14,Welfare,Sozialstaat Begrenzung,0.07405695076595639,Speech
SPD,15,Economy,Marktliberalismus,0.31293765719134026,Speech
SPD,15,Economy,Staatsintervention,0.2217081160075182,Speech
SPD,15,Economy,Wirtschaft Allgemein,0.46535422680114163,Speech
SPD,15,Europe,Contra-EU,0.25771263116623155,Speech
SPD,15,Europe,Pro-EU,0.7422873688337684,Speech
SPD,15,Migration,Migration liberal,0.23424631703072404,Speech
SPD,15,Migration,Migration restriktiv,0.7657536829692759,Speech
SPD,15,Welfare,Sozialstaat Ausbau,0.9089356419439262,Speech
SPD,15,Welfare,Sozialstaat Begrenzung,0.09106435805607377,Speech
SPD,16,Economy,Marktliberalismus,0.29096601134341665,Speech
SPD,16,Economy,Staatsintervention,0.30322641690216434,Speech
SPD,16,Economy,Wirtschaft Allgemein,0.405807571754419,Speech
SPD,16,Europe,Contra-EU,0.23272629256671828,Speech
SPD,16,Europe,Pro-EU,0.7672737074332817,Speech
SPD,16,Migration,Migration liberal,0.2870373739306944,Speech
SPD,16,Migration,Migration restriktiv,0.7129626260693056,Speech
SPD,16,Welfare,Sozialstaat Ausbau,0.9248817805748561,Speech
SPD,16,Welfare,Sozialstaat Begrenzung,0.07511821942514377,Speech
SPD,17,Economy,Marktliberalismus,0.24633429259513182,Speech
SPD,17,Economy,Staatsintervention,0.3721314496864853,Speech
SPD,17,Economy,Wirtschaft Allgemein,0.3815342577183829,Speech
SPD,17,Europe,Contra-EU,0.34885206857146805,Speech
SPD,17,Europe,Pro-EU,0.651147931428532,Speech
SPD,17,Migration,Migration liberal,0.3373016505098674,Speech
SPD,17,Migration,Migration restriktiv,0.6626983494901326,Speech
SPD,17,Welfare,Sozialstaat Ausbau,0.9432166617890209,Speech
SPD,17,Welfare,Sozialstaat Begrenzung,0.0567833382109792,Speech
SPD,18,Economy,Marktliberalismus,0.219730897797209,Speech
SPD,18,Economy,Staatsintervention,0.339789153228039,Speech
SPD,18,Economy,Wirtschaft Allgemein,0.44047994897475196,Speech
SPD,18,Europe,Contra-EU,0.2575890863504992,Speech
SPD,18,Europe,Pro-EU,0.7424109136495008,Speech
SPD,18,Migration,Migration liberal,0.3726463180894767,Speech
SPD,18,Migration,Migration restriktiv,0.6273536819105234,Speech
SPD,18,Welfare,Sozialstaat Ausbau,0.9606016805825401,Speech
SPD,18,Welfare,Sozialstaat Begrenzung,0.03939831941745981,Speech
SPD,19,Economy,Marktliberalismus,0.20946492017627266,Speech
SPD,19,Economy,Staatsintervention,0.33677172463104943,Speech
SPD,19,Economy,Wirtschaft Allgemein,0.45376335519267785,Speech
SPD,19,Europe,Contra-EU,0.2027868051402016,Speech
SPD,19,Europe,Pro-EU,0.7972131948597984,Speech
SPD,19,Migration,Migration liberal,0.316947996352601,Speech
SPD,19,Migration,Migration restriktiv,0.6830520036473992,Speech
SPD,19,Welfare,Sozialstaat Ausbau,0.9660491714954097,Speech
SPD,19,Welfare,Sozialstaat Begrenzung,0.03395082850459027,Speech
SPD,20,Economy,Marktliberalismus,0.1893363844961447,Speech
SPD,20,Economy,Staatsintervention,0.27221648066498483,Speech
SPD,20,Economy,Wirtschaft Allgemein,0.5384471348388705,Speech
SPD,20,Europe,Contra-EU,0.1646256803633942,Speech
SPD,20,Europe,Pro-EU,0.8353743196366059,Speech
SPD,20,Migration,Migration liberal,0.41141959555341967,Speech
SPD,20,Migration,Migration restriktiv,0.5885804044465803,Speech
SPD,20,Welfare,Sozialstaat Ausbau,0.9721519234816626,Speech
SPD,20,Welfare,Sozialstaat Begrenzung,0.027848076518337445,Speech
CDU/CSU,13,Economy,Marktliberalismus,0.33750776236803975,Manifesto
Linke,13,Economy,Marktliberalismus,0.21739130434782608,Manifesto
FDP,13,Economy,Marktliberalismus,0.3253507708297246,Manifesto
Grüne,13,Economy,Marktliberalismus,0.016107678729037952,Manifesto
SPD,13,Economy,Marktliberalismus,0.16417167925466966,Manifesto
CDU/CSU,14,Economy,Marktliberalismus,0.3086346295194428,Manifesto
Linke,14,Economy,Marktliberalismus,0.11104691472151607,Manifesto
FDP,14,Economy,Marktliberalismus,0.46171971042207355,Manifesto
Grüne,14,Economy,Marktliberalismus,0.16286841240276104,Manifesto
SPD,14,Economy,Marktliberalismus,0.2787495218555482,Manifesto
CDU/CSU,15,Economy,Marktliberalismus,0.33457176378568637,Manifesto
Linke,15,Economy,Marktliberalismus,0.15454266421117252,Manifesto
FDP,15,Economy,Marktliberalismus,0.33333333333333326,Manifesto
Grüne,15,Economy,Marktliberalismus,0.18213155117833274,Manifesto
SPD,15,Economy,Marktliberalismus,0.1829688342947255,Manifesto
CDU/CSU,16,Economy,Marktliberalismus,0.43951878191672666,Manifesto
Linke,16,Economy,Marktliberalismus,0.06591953661147139,Manifesto
FDP,16,Economy,Marktliberalismus,0.47502176927790496,Manifesto
Grüne,16,Economy,Marktliberalismus,0.13230309645544894,Manifesto
SPD,16,Economy,Marktliberalismus,0.20661879943142475,Manifesto
CDU/CSU,17,Economy,Marktliberalismus,0.23577951728636656,Manifesto
Linke,17,Economy,Marktliberalismus,0.027130689830221672,Manifesto
FDP,17,Economy,Marktliberalismus,0.3906521240706168,Manifesto
Grüne,17,Economy,Marktliberalismus,0.07742558509429677,Manifesto
SPD,17,Economy,Marktliberalismus,0.0774492665501254,Manifesto
AfD,18,Economy,Marktliberalismus,1,Manifesto
CDU/CSU,18,Economy,Marktliberalismus,0.30768696377088467,Manifesto
Linke,18,Economy,Marktliberalismus,0.09929375149628919,Manifesto
FDP,18,Economy,Marktliberalismus,0.4637201844056925,Manifesto
Grüne,18,Economy,Marktliberalismus,0.2023767082590612,Manifesto
SPD,18,Economy,Marktliberalismus,0.19556418973611786,Manifesto
AfD,19,Economy,Marktliberalismus,0.41585487077534783,Manifesto
CDU/CSU,19,Economy,Marktliberalismus,0.23075599600839608,Manifesto
Linke,19,Economy,Marktliberalismus,0.009298923832410407,Manifesto
FDP,19,Economy,Marktliberalismus,0.4422666237603487,Manifesto
Grüne,19,Economy,Marktliberalismus,0.1004372042881955,Manifesto
SPD,19,Economy,Marktliberalismus,0.1376657048467361,Manifesto
AfD,20,Economy,Marktliberalismus,0.4983743613562471,Manifesto
CDU/CSU,20,Economy,Marktliberalismus,0.29417272114448356,Manifesto
Linke,20,Economy,Marktliberalismus,0.021439509954058193,Manifesto
FDP,20,Economy,Marktliberalismus,0.4323284410948037,Manifesto
Grüne,20,Economy,Marktliberalismus,0.11742444432599541,Manifesto
SPD,20,Economy,Marktliberalismus,0.10506429398500823,Manifesto
CDU/CSU,13,Economy,Staatsintervention,0.199993100117298,Manifesto
Linke,13,Economy,Staatsintervention,0.13043478260869565,Manifesto
FDP,13,Economy,Staatsintervention,0.1578901784167677,Manifesto
Grüne,13,Economy,Staatsintervention,0.403243601059135,Manifesto
SPD,13,Economy,Staatsintervention,0.20894577359685226,Manifesto
CDU/CSU,14,Economy,Staatsintervention,0.0493857407861118,Manifesto
Linke,14,Economy,Staatsintervention,0.5433325629766581,Manifesto
FDP,14,Economy,Staatsintervention,0.03189454992487365,Manifesto
Grüne,14,Economy,Staatsintervention,0.3944340966363537,Manifesto
SPD,14,Economy,Staatsintervention,0.19511771047049412,Manifesto
CDU/CSU,15,Economy,Staatsintervention,0.1895776300351975,Manifesto
Linke,15,Economy,Staatsintervention,0.427255985267035,Manifesto
FDP,15,Economy,Staatsintervention,0.12819610602861836,Manifesto
Grüne,15,Economy,Staatsintervention,0.3177629264861062,Manifesto
SPD,15,Economy,Staatsintervention,0.2396563887620866,Manifesto
CDU/CSU,16,Economy,Staatsintervention,0.13709702684921207,Manifesto
Linke,16,Economy,Staatsintervention,0.5714915318264812,Manifesto
FDP,16,Economy,Staatsintervention,0.12497178056567872,Manifesto
Grüne,16,Economy,Staatsintervention,0.3661170793358993,Manifesto
SPD,16,Economy,Staatsintervention,0.25206837482232025,Manifesto
CDU/CSU,17,Economy,Staatsintervention,0.24230267449445533,Manifesto
Linke,17,Economy,Staatsintervention,0.5660781769981387,Manifesto
FDP,17,Economy,Staatsintervention,0.252202679244047,Manifesto
Grüne,17,Economy,Staatsintervention,0.4644399000227221,Manifesto
SPD,17,Economy,Staatsintervention,0.43889184464543585,Manifesto
AfD,18,Economy,Staatsintervention,0,Manifesto
CDU/CSU,18,Economy,Staatsintervention,0.2321025391642641,Manifesto
Linke,18,Economy,Staatsintervention,0.6149748623413934,Manifesto
FDP,18,Economy,Staatsintervention,0.20595309681298857,Manifesto
Grüne,18,Economy,Staatsintervention,0.4518716577540107,Manifesto
SPD,18,Economy,Staatsintervention,0.420390157034159,Manifesto
AfD,19,Economy,Staatsintervention,0.31187872763419483,Manifesto
CDU/CSU,19,Economy,Staatsintervention,0.3204982622759024,Manifesto
Linke,19,Economy,Staatsintervention,0.8395152021732316,Manifesto
FDP,19,Economy,Staatsintervention,0.2352046338823392,Manifesto
Grüne,19,Economy,Staatsintervention,0.6028028987243218,Manifesto
SPD,19,Economy,Staatsintervention,0.469953581733785,Manifesto
AfD,20,Economy,Staatsintervention,0.1507973370490788,Manifesto
CDU/CSU,20,Economy,Staatsintervention,0.21324245374878284,Manifesto
Linke,20,Economy,Staatsintervention,0.6898009188361409,Manifesto
FDP,20,Economy,Staatsintervention,0.14589448631495439,Manifesto
Grüne,20,Economy,Staatsintervention,0.4318533127232024,Manifesto
SPD,20,Economy,Staatsintervention,0.4311658236333719,Manifesto
CDU/CSU,13,Economy,Wirtschaft Allgemein,0.46249913751466226,Manifesto
Linke,13,Economy,Wirtschaft Allgemein,0.6521739130434783,Manifesto
FDP,13,Economy,Wirtschaft Allgemein,0.5167590507535077,Manifesto
Grüne,13,Economy,Wirtschaft Allgemein,0.5806487202118271,Manifesto
SPD,13,Economy,Wirtschaft Allgemein,0.626882547148478,Manifesto
CDU/CSU,14,Economy,Wirtschaft Allgemein,0.6419796296944454,Manifesto
Linke,14,Economy,Wirtschaft Allgemein,0.34562052230182577,Manifesto
FDP,14,Economy,Wirtschaft Allgemein,0.5063857396530529,Manifesto
Grüne,14,Economy,Wirtschaft Allgemein,0.4426974909608853,Manifesto
SPD,14,Economy,Wirtschaft Allgemein,0.5261327676739577,Manifesto
CDU/CSU,15,Economy,Wirtschaft Allgemein,0.4758506061791161,Manifesto
Linke,15,Economy,Wirtschaft Allgemein,0.4182013505217926,Manifesto
FDP,15,Economy,Wirtschaft Allgemein,0.5384705606380483,Manifesto
Grüne,15,Economy,Wirtschaft Allgemein,0.500105522335561,Manifesto
SPD,15,Economy,Wirtschaft Allgemein,0.577374776943188,Manifesto
CDU/CSU,16,Economy,Wirtschaft Allgemein,0.42338419123406124,Manifesto
Linke,16,Economy,Wirtschaft Allgemein,0.36258893156204747,Manifesto
FDP,16,Economy,Wirtschaft Allgemein,0.40000645015641634,Manifesto
Grüne,16,Economy,Wirtschaft Allgemein,0.5015798242086517,Manifesto
SPD,16,Economy,Wirtschaft Allgemein,0.541312825746255,Manifesto
CDU/CSU,17,Economy,Wirtschaft Allgemein,0.5219178082191781,Manifesto
Linke,17,Economy,Wirtschaft Allgemein,0.4067911331716396,Manifesto
FDP,17,Economy,Wirtschaft Allgemein,0.35714519668533623,Manifesto
Grüne,17,Economy,Wirtschaft Allgemein,0.4581345148829812,Manifesto
SPD,17,Economy,Wirtschaft Allgemein,0.48365888880443864,Manifesto
AfD,18,Economy,Wirtschaft Allgemein,0,Manifesto
CDU/CSU,18,Economy,Wirtschaft Allgemein,0.4602104970648511,Manifesto
Linke,18,Economy,Wirtschaft Allgemein,0.28573138616231747,Manifesto
FDP,18,Economy,Wirtschaft Allgemein,0.3303267187813189,Manifesto
Grüne,18,Economy,Wirtschaft Allgemein,0.3457516339869281,Manifesto
SPD,18,Economy,Wirtschaft Allgemein,0.3840456532297232,Manifesto
AfD,19,Economy,Wirtschaft Allgemein,0.27226640159045723,Manifesto
CDU/CSU,19,Economy,Wirtschaft Allgemein,0.4487457417157015,Manifesto
Linke,19,Economy,Wirtschaft Allgemein,0.15118587399435798,Manifesto
FDP,19,Economy,Wirtschaft Allgemein,0.32252874235731216,Manifesto
Grüne,19,Economy,Wirtschaft Allgemein,0.2967598969874828,Manifesto
SPD,19,Economy,Wirtschaft Allgemein,0.3923807134194789,Manifesto
AfD,20,Economy,Wirtschaft Allgemein,0.3508283015946741,Manifesto
CDU/CSU,20,Economy,Wirtschaft Allgemein,0.4925848251067335,Manifesto
Linke,20,Economy,Wirtschaft Allgemein,0.2887595712098009,Manifesto
FDP,20,Economy,Wirtschaft Allgemein,0.42177707259024194,Manifesto
Grüne,20,Economy,Wirtschaft Allgemein,0.45072224295080215,Manifesto
SPD,20,Economy,Wirtschaft Allgemein,0.46376988238161987,Manifesto
CDU/CSU,13,Welfare,Sozialstaat Ausbau,0.7333946642134315,Manifesto
Linke,13,Welfare,Sozialstaat Ausbau,1,Manifesto
FDP,13,Welfare,Sozialstaat Ausbau,0.7290027911697539,Manifesto
Grüne,13,Welfare,Sozialstaat Ausbau,1,Manifesto
SPD,13,Welfare,Sozialstaat Ausbau,1,Manifesto
CDU/CSU,14,Welfare,Sozialstaat Ausbau,0.7755149271002083,Manifesto
Linke,14,Welfare,Sozialstaat Ausbau,1,Manifesto
FDP,14,Welfare,Sozialstaat Ausbau,0.6794924554183814,Manifesto
Grüne,14,Welfare,Sozialstaat Ausbau,0.9856804367981868,Manifesto
SPD,14,Welfare,Sozialstaat Ausbau,0.8579082838682566,Manifesto
CDU/CSU,15,Welfare,Sozialstaat Ausbau,0.8580357142857142,Manifesto
Linke,15,Welfare,Sozialstaat Ausbau,1,Manifesto
FDP,15,Welfare,Sozialstaat Ausbau,0.7916929803254797,Manifesto
Grüne,15,Welfare,Sozialstaat Ausbau,0.9936359779380568,Manifesto
SPD,15,Welfare,Sozialstaat Ausbau,0.951772348538342,Manifesto
CDU/CSU,16,Welfare,Sozialstaat Ausbau,0.9600621600621602,Manifesto
Linke,16,Welfare,Sozialstaat Ausbau,1,Manifesto
FDP,16,Welfare,Sozialstaat Ausbau,0.9240165259565296,Manifesto
Grüne,16,Welfare,Sozialstaat Ausbau,0.9873009855951478,Manifesto
SPD,16,Welfare,Sozialstaat Ausbau,0.981020430947862,Manifesto
CDU/CSU,17,Welfare,Sozialstaat Ausbau,0.9949088687506364,Manifesto
Linke,17,Welfare,Sozialstaat Ausbau,1,Manifesto
FDP,17,Welfare,Sozialstaat Ausbau,0.9019017549012409,Manifesto
Grüne,17,Welfare,Sozialstaat Ausbau,0.9970857618651124,Manifesto
SPD,17,Welfare,Sozialstaat Ausbau,0.9978677028051555,Manifesto
AfD,18,Welfare,Sozialstaat Ausbau,1,Manifesto
CDU/CSU,18,Welfare,Sozialstaat Ausbau,0.9320402508385591,Manifesto
Linke,18,Welfare,Sozialstaat Ausbau,0.9984880556395525,Manifesto
FDP,18,Welfare,Sozialstaat Ausbau,0.786984452099432,Manifesto
Grüne,18,Welfare,Sozialstaat Ausbau,0.9939405326694537,Manifesto
SPD,18,Welfare,Sozialstaat Ausbau,0.9900941465411379,Manifesto
AfD,19,Welfare,Sozialstaat Ausbau,1,Manifesto
CDU/CSU,19,Welfare,Sozialstaat Ausbau,0.9940091061586388,Manifesto
Linke,19,Welfare,Sozialstaat Ausbau,1,Manifesto
FDP,19,Welfare,Sozialstaat Ausbau,0.9237468786162373,Manifesto
Grüne,19,Welfare,Sozialstaat Ausbau,1,Manifesto
SPD,19,Welfare,Sozialstaat Ausbau,1,Manifesto
AfD,20,Welfare,Sozialstaat Ausbau,0.9553839983958291,Manifesto
CDU/CSU,20,Welfare,Sozialstaat Ausbau,0.9693023255813953,Manifesto
Linke,20,Welfare,Sozialstaat Ausbau,0.9993332486664973,Manifesto
FDP,20,Welfare,Sozialstaat Ausbau,0.9287222278073791,Manifesto
Grüne,20,Welfare,Sozialstaat Ausbau,1,Manifesto
SPD,20,Welfare,Sozialstaat Ausbau,1,Manifesto
CDU/CSU,13,Welfare,Sozialstaat Begrenzung,0.26660533578656853,Manifesto
Linke,13,Welfare,Sozialstaat Begrenzung,0,Manifesto
FDP,13,Welfare,Sozialstaat Begrenzung,0.27099720883024614,Manifesto
Grüne,13,Welfare,Sozialstaat Begrenzung,0,Manifesto
SPD,13,Welfare,Sozialstaat Begrenzung,0,Manifesto
CDU/CSU,14,Welfare,Sozialstaat Begrenzung,0.22448507289979167,Manifesto
Linke,14,Welfare,Sozialstaat Begrenzung,0,Manifesto
FDP,14,Welfare,Sozialstaat Begrenzung,0.3205075445816187,Manifesto
Grüne,14,Welfare,Sozialstaat Begrenzung,0.014319563201813126,Manifesto
SPD,14,Welfare,Sozialstaat Begrenzung,0.14209171613174346,Manifesto
CDU/CSU,15,Welfare,Sozialstaat Begrenzung,0.14196428571428574,Manifesto
Linke,15,Welfare,Sozialstaat Begrenzung,0,Manifesto
FDP,15,Welfare,Sozialstaat Begrenzung,0.20830701967452026,Manifesto
Grüne,15,Welfare,Sozialstaat Begrenzung,0.006364022061943147,Manifesto
SPD,15,Welfare,Sozialstaat Begrenzung,0.04822765146165796,Manifesto
CDU/CSU,16,Welfare,Sozialstaat Begrenzung,0.03993783993783994,Manifesto
Linke,16,Welfare,Sozialstaat Begrenzung,0,Manifesto
FDP,16,Welfare,Sozialstaat Begrenzung,0.07598347404347044,Manifesto
Grüne,16,Welfare,Sozialstaat Begrenzung,0.012699014404852162,Manifesto
SPD,16,Welfare,Sozialstaat Begrenzung,0.018979569052137994,Manifesto
CDU/CSU,17,Welfare,Sozialstaat Begrenzung,0.005091131249363608,Manifesto
Linke,17,Welfare,Sozialstaat Begrenzung,0,Manifesto
FDP,17,Welfare,Sozialstaat Begrenzung,0.09809824509875908,Manifesto
Grüne,17,Welfare,Sozialstaat Begrenzung,0.0029142381348875937,Manifesto
SPD,17,Welfare,Sozialstaat Begrenzung,0.002132297194844579,Manifesto
AfD,18,Welfare,Sozialstaat Begrenzung,0,Manifesto
CDU/CSU,18,Welfare,Sozialstaat Begrenzung,0.06795974916144087,Manifesto
Linke,18,Welfare,Sozialstaat Begrenzung,0.0015119443604475354,Manifesto
FDP,18,Welfare,Sozialstaat Begrenzung,0.2130155479005679,Manifesto
Grüne,18,Welfare,Sozialstaat Begrenzung,0.006059467330546291,Manifesto
SPD,18,Welfare,Sozialstaat Begrenzung,0.009905853458862053,Manifesto
AfD,19,Welfare,Sozialstaat Begrenzung,0,Manifesto
CDU/CSU,19,Welfare,Sozialstaat Begrenzung,0.005990893841361131,Manifesto
Linke,19,Welfare,Sozialstaat Begrenzung,0,Manifesto
FDP,19,Welfare,Sozialstaat Begrenzung,0.07625312138376272,Manifesto
Grüne,19,Welfare,Sozialstaat Begrenzung,0,Manifesto
SPD,19,Welfare,Sozialstaat Begrenzung,0,Manifesto
AfD,20,Welfare,Sozialstaat Begrenzung,0.04461600160417085,Manifesto
CDU/CSU,20,Welfare,Sozialstaat Begrenzung,0.03069767441860465,Manifesto
Linke,20,Welfare,Sozialstaat Begrenzung,6.66751333502667e-4,Manifesto
FDP,20,Welfare,Sozialstaat Begrenzung,0.0712777721926209,Manifesto
Grüne,20,Welfare,Sozialstaat Begrenzung,0,Manifesto
SPD,20,Welfare,Sozialstaat Begrenzung,0,Manifesto
CDU/CSU,13,Migration,Migration restriktiv,1,Manifesto
Linke,13,Migration,Migration restriktiv,0,Manifesto
FDP,13,Migration,Migration restriktiv,0,Manifesto
Grüne,13,Migration,Migration restriktiv,0,Manifesto
SPD,13,Migration,Migration restriktiv,0.5,Manifesto
CDU/CSU,14,Migration,Migration restriktiv,0.8333333333333334,Manifesto
Linke,14,Migration,Migration restriktiv,0.07697841726618705,Manifesto
FDP,14,Migration,Migration restriktiv,0.7111269614835949,Manifesto
Grüne,14,Migration,Migration restriktiv,0,Manifesto
SPD,14,Migration,Migration restriktiv,0.7619952494061758,Manifesto
CDU/CSU,15,Migration,Migration restriktiv,0.9383016723494074,Manifesto
Linke,15,Migration,Migration restriktiv,0.2726574500768049,Manifesto
FDP,15,Migration,Migration restriktiv,0.5093492894540016,Manifesto
Grüne,15,Migration,Migration restriktiv,0.3746756616502335,Manifesto
SPD,15,Migration,Migration restriktiv,0.7306501547987617,Manifesto
CDU/CSU,16,Migration,Migration restriktiv,0.9522752497225305,Manifesto
Linke,16,Migration,Migration restriktiv,0,Manifesto
FDP,16,Migration,Migration restriktiv,0.47599729546991215,Manifesto
Grüne,16,Migration,Migration restriktiv,0.02965403624382208,Manifesto
SPD,16,Migration,Migration restriktiv,0.8001764446404941,Manifesto
CDU/CSU,17,Migration,Migration restriktiv,0.5926201089648341,Manifesto
Linke,17,Migration,Migration restriktiv,0,Manifesto
FDP,17,Migration,Migration restriktiv,0.12535079513564076,Manifesto
Grüne,17,Migration,Migration restriktiv,0.04472843450479234,Manifesto
SPD,17,Migration,Migration restriktiv,0.12170166935918147,Manifesto
AfD,18,Migration,Migration restriktiv,0.7499999999999999,Manifesto
CDU/CSU,18,Migration,Migration restriktiv,0.8306351183063512,Manifesto
Linke,18,Migration,Migration restriktiv,0,Manifesto
FDP,18,Migration,Migration restriktiv,0.5282238442822385,Manifesto
Grüne,18,Migration,Migration restriktiv,0.16827956989247314,Manifesto
SPD,18,Migration,Migration restriktiv,0.49325396825396817,Manifesto
AfD,19,Migration,Migration restriktiv,0.9893724966622163,Manifesto
CDU/CSU,19,Migration,Migration restriktiv,0.7449338016752229,Manifesto
Linke,19,Migration,Migration restriktiv,0,Manifesto
FDP,19,Migration,Migration restriktiv,0.21733895243829024,Manifesto
Grüne,19,Migration,Migration restriktiv,0.028740960504357503,Manifesto
SPD,19,Migration,Migration restriktiv,0.4134688691232528,Manifesto
AfD,20,Migration,Migration restriktiv,0.9906148389003844,Manifesto
CDU/CSU,20,Migration,Migration restriktiv,0.6824973319103522,Manifesto
Linke,20,Migration,Migration restriktiv,0.012907191149354642,Manifesto
FDP,20,Migration,Migration restriktiv,0.4705621956617973,Manifesto
Grüne,20,Migration,Migration restriktiv,0.12130885873902633,Manifesto
SPD,20,Migration,Migration restriktiv,0.21747076023391812,Manifesto
CDU/CSU,13,Migration,Migration liberal,0,Manifesto
Linke,13,Migration,Migration liberal,1,Manifesto
FDP,13,Migration,Migration liberal,0,Manifesto
Grüne,13,Migration,Migration liberal,1,Manifesto
SPD,13,Migration,Migration liberal,0.5,Manifesto
CDU/CSU,14,Migration,Migration liberal,0.16666666666666669,Manifesto
Linke,14,Migration,Migration liberal,0.923021582733813,Manifesto
FDP,14,Migration,Migration liberal,0.28887303851640517,Manifesto
Grüne,14,Migration,Migration liberal,1,Manifesto
SPD,14,Migration,Migration liberal,0.23800475059382425,Manifesto
CDU/CSU,15,Migration,Migration liberal,0.06169832765059263,Manifesto
Linke,15,Migration,Migration liberal,0.727342549923195,Manifesto
FDP,15,Migration,Migration liberal,0.4906507105459985,Manifesto
Grüne,15,Migration,Migration liberal,0.6253243383497664,Manifesto
SPD,15,Migration,Migration liberal,0.26934984520123845,Manifesto
CDU/CSU,16,Migration,Migration liberal,0.04772475027746949,Manifesto
Linke,16,Migration,Migration liberal,1,Manifesto
FDP,16,Migration,Migration liberal,0.5240027045300879,Manifesto
Grüne,16,Migration,Migration liberal,0.9703459637561779,Manifesto
SPD,16,Migration,Migration liberal,0.19982355535950597,Manifesto
CDU/CSU,17,Migration,Migration liberal,0.40737989103516586,Manifesto
Linke,17,Migration,Migration liberal,1,Manifesto
FDP,17,Migration,Migration liberal,0.8746492048643592,Manifesto
Grüne,17,Migration,Migration liberal,0.9552715654952078,Manifesto
SPD,17,Migration,Migration liberal,0.8782983306408185,Manifesto
AfD,18,Migration,Migration liberal,0.25,Manifesto
CDU/CSU,18,Migration,Migration liberal,0.1693648816936488,Manifesto
Linke,18,Migration,Migration liberal,1,Manifesto
FDP,18,Migration,Migration liberal,0.4717761557177616,Manifesto
Grüne,18,Migration,Migration liberal,0.8317204301075269,Manifesto
SPD,18,Migration,Migration liberal,0.5067460317460317,Manifesto
AfD,19,Migration,Migration liberal,0.01062750333778371,Manifesto
CDU/CSU,19,Migration,Migration liberal,0.25506619832477706,Manifesto
Linke,19,Migration,Migration liberal,1,Manifesto
FDP,19,Migration,Migration liberal,0.7826610475617098,Manifesto
Grüne,19,Migration,Migration liberal,0.9712590394956425,Manifesto
SPD,19,Migration,Migration liberal,0.586531130876747,Manifesto
AfD,20,Migration,Migration liberal,0.009385161099615727,Manifesto
CDU/CSU,20,Migration,Migration liberal,0.31750266808964783,Manifesto
Linke,20,Migration,Migration liberal,0.9870928088506453,Manifesto
FDP,20,Migration,Migration liberal,0.5294378043382028,Manifesto
Grüne,20,Migration,Migration liberal,0.8786911412609737,Manifesto
SPD,20,Migration,Migration liberal,0.7825292397660819,Manifesto
CDU/CSU,13,Europe,Pro-EU,1,Manifesto
Linke,13,Europe,Pro-EU,1,Manifesto
FDP,13,Europe,Pro-EU,0.9792570243258533,Manifesto
Grüne,13,Europe,Pro-EU,1,Manifesto
SPD,13,Europe,Pro-EU,1,Manifesto
CDU/CSU,14,Europe,Pro-EU,0.8,Manifesto
Linke,14,Europe,Pro-EU,0.17378917378917383,Manifesto
FDP,14,Europe,Pro-EU,0.9582079572049482,Manifesto
Grüne,14,Europe,Pro-EU,0.7144615384615385,Manifesto
SPD,14,Europe,Pro-EU,1,Manifesto
CDU/CSU,15,Europe,Pro-EU,0.640189374013677,Manifesto
Linke,15,Europe,Pro-EU,0.8002250984805853,Manifesto
FDP,15,Europe,Pro-EU,0.83929203539823,Manifesto
Grüne,15,Europe,Pro-EU,0.9715370018975332,Manifesto
SPD,15,Europe,Pro-EU,0.9445438282647585,Manifesto
CDU/CSU,16,Europe,Pro-EU,0.5,Manifesto
Linke,16,Europe,Pro-EU,0.6666666666666666,Manifesto
FDP,16,Europe,Pro-EU,0.7632119514472455,Manifesto
Grüne,16,Europe,Pro-EU,0.9091937765205093,Manifesto
SPD,16,Europe,Pro-EU,0.8398589065255732,Manifesto
CDU/CSU,17,Europe,Pro-EU,0.7380611270296085,Manifesto
Linke,17,Europe,Pro-EU,0.5151209677419354,Manifesto
FDP,17,Europe,Pro-EU,0.8281888334089877,Manifesto
Grüne,17,Europe,Pro-EU,0.9405482378070488,Manifesto
SPD,17,Europe,Pro-EU,0.9604880883207438,Manifesto
AfD,18,Europe,Pro-EU,0.09091512376401885,Manifesto
CDU/CSU,18,Europe,Pro-EU,0.753731343283582,Manifesto
Linke,18,Europe,Pro-EU,0.44413919413919417,Manifesto
FDP,18,Europe,Pro-EU,0.6213364595545134,Manifesto
Grüne,18,Europe,Pro-EU,0.947481243301179,Manifesto
SPD,18,Europe,Pro-EU,0.8636363636363636,Manifesto
AfD,19,Europe,Pro-EU,0,Manifesto
CDU/CSU,19,Europe,Pro-EU,1,Manifesto
Linke,19,Europe,Pro-EU,0.9776186213070724,Manifesto
FDP,19,Europe,Pro-EU,1,Manifesto
Grüne,19,Europe,Pro-EU,0.9937813920114805,Manifesto
SPD,19,Europe,Pro-EU,1,Manifesto
AfD,20,Europe,Pro-EU,0.08126439723573073,Manifesto
CDU/CSU,20,Europe,Pro-EU,0.9551681195516811,Manifesto
Linke,20,Europe,Pro-EU,0.8385579937304076,Manifesto
FDP,20,Europe,Pro-EU,0.9571759259259259,Manifesto
Grüne,20,Europe,Pro-EU,0.9941561477325853,Manifesto
SPD,20,Europe,Pro-EU,1,Manifesto
CDU/CSU,13,Europe,Contra-EU,0,Manifesto
Linke,13,Europe,Contra-EU,0,Manifesto
FDP,13,Europe,Contra-EU,0.02074297567414671,Manifesto
Grüne,13,Europe,Contra-EU,0,Manifesto
SPD,13,Europe,Contra-EU,0,Manifesto
CDU/CSU,14,Europe,Contra-EU,0.2,Manifesto
Linke,14,Europe,Contra-EU,0.8262108262108262,Manifesto
FDP,14,Europe,Contra-EU,0.04179204279505182,Manifesto
Grüne,14,Europe,Contra-EU,0.2855384615384615,Manifesto
SPD,14,Europe,Contra-EU,0,Manifesto
CDU/CSU,15,Europe,Contra-EU,0.359810625986323,Manifesto
Linke,15,Europe,Contra-EU,0.19977490151941477,Manifesto
FDP,15,Europe,Contra-EU,0.16070796460176992,Manifesto
Grüne,15,Europe,Contra-EU,0.02846299810246679,Manifesto
SPD,15,Europe,Contra-EU,0.05545617173524149,Manifesto
CDU/CSU,16,Europe,Contra-EU,0.5,Manifesto
Linke,16,Europe,Contra-EU,0.3333333333333333,Manifesto
FDP,16,Europe,Contra-EU,0.23678804855275445,Manifesto
Grüne,16,Europe,Contra-EU,0.09080622347949083,Manifesto
SPD,16,Europe,Contra-EU,0.16014109347442682,Manifesto
CDU/CSU,17,Europe,Contra-EU,0.2619388729703916,Manifesto
Linke,17,Europe,Contra-EU,0.4848790322580645,Manifesto
FDP,17,Europe,Contra-EU,0.17181116659101228,Manifesto
Grüne,17,Europe,Contra-EU,0.05945176219295124,Manifesto
SPD,17,Europe,Contra-EU,0.03951191167925625,Manifesto
AfD,18,Europe,Contra-EU,0.9090848762359811,Manifesto
CDU/CSU,18,Europe,Contra-EU,0.24626865671641793,Manifesto
Linke,18,Europe,Contra-EU,0.5558608058608059,Manifesto
FDP,18,Europe,Contra-EU,0.3786635404454865,Manifesto
Grüne,18,Europe,Contra-EU,0.05251875669882101,Manifesto
SPD,18,Europe,Contra-EU,0.13636363636363638,Manifesto
AfD,19,Europe,Contra-EU,1,Manifesto
CDU/CSU,19,Europe,Contra-EU,0,Manifesto
Linke,19,Europe,Contra-EU,0.022381378692927483,Manifesto
FDP,19,Europe,Contra-EU,0,Manifesto
Grüne,19,Europe,Contra-EU,0.006218607988519492,Manifesto
SPD,19,Europe,Contra-EU,0,Manifesto
AfD,20,Europe,Contra-EU,0.9187356027642692,Manifesto
CDU/CSU,20,Europe,Contra-EU,0.0448318804483188,Manifesto
Linke,20,Europe,Contra-EU,0.16144200626959246,Manifesto
FDP,20,Europe,Contra-EU,0.04282407407407408,Manifesto
Grüne,20,Europe,Contra-EU,0.005843852267414681,Manifesto
SPD,20,Europe,Contra-EU,0,Manifesto
