party,lp,jsd_B
AfD,19,0.07174411779197327
AfD,20,0.05533347478603628
CDU/CSU,13,0.0667674817328617
CDU/CSU,14,0.0599968500855214
CDU/CSU,15,0.018652752578033886
CDU/CSU,16,0.04820592526875396
CDU/CSU,17,0.022865172499641408
CDU/CSU,18,0.007029323859123467
CDU/CSU,19,0.038567668459773635
CDU/CSU,20,0.020502395225336305
FDP,13,0.07247665689216147
FDP,14,0.06457087307530096
FDP,15,0.03699613315000743
FDP,16,0.035142750124018386
FDP,17,0.026938879247655274
FDP,18,0.3201241405690802
FDP,19,0.044886083623891376
FDP,20,0.04014251853875662
Linke,13,0.12127305689279566
Linke,14,0.10126135123570604
Linke,15,0.05334499367951931
Linke,16,0.06610220811007768
Linke,17,0.06505272244596685
Linke,18,0.06477437215342274
Linke,19,0.1049905745147446
Linke,20,0.061515693104832084
SPD,13,0.06582690796123093
SPD,14,0.021144208829636038
SPD,15,0.01811891200193954
SPD,16,0.014803687483439012
SPD,17,0.051738671954139406
SPD,18,0.019363952467894095
SPD,19,0.028271955388319354
SPD,20,0.058720373339741935
