party,lp,jsd,spec
AfD,19,0.07174411779197327,soft_tau1.0
AfD,20,0.05533347478603628,soft_tau1.0
CDU/CSU,13,0.0667674817328617,soft_tau1.0
CDU/CSU,14,0.0599968500855214,soft_tau1.0
CDU/CSU,15,0.018652752578033886,soft_tau1.0
CDU/CSU,16,0.04820592526875396,soft_tau1.0
CDU/CSU,17,0.022865172499641408,soft_tau1.0
CDU/CSU,18,0.007029323859123467,soft_tau1.0
CDU/CSU,19,0.038567668459773635,soft_tau1.0
CDU/CSU,20,0.020502395225336305,soft_tau1.0
FDP,13,0.07247665689216147,soft_tau1.0
FDP,14,0.06457087307530096,soft_tau1.0
FDP,15,0.03699613315000743,soft_tau1.0
FDP,16,0.035142750124018386,soft_tau1.0
FDP,17,0.026938879247655274,soft_tau1.0
FDP,19,0.044886083623891376,soft_tau1.0
FDP,20,0.04014251853875662,soft_tau1.0
Grüne,13,0.150103926925655,soft_tau1.0
Grüne,14,0.0789825336596563,soft_tau1.0
Grüne,15,0.07636873228918753,soft_tau1.0
Grüne,16,0.060920260181928296,soft_tau1.0
Grüne,17,0.0595658896801827,soft_tau1.0
Grüne,18,0.05040201721352905,soft_tau1.0
Grüne,19,0.08633268575909125,soft_tau1.0
Grüne,20,0.052248299093687736,soft_tau1.0
Linke,13,0.12127305689279566,soft_tau1.0
Linke,14,0.10126135123570604,soft_tau1.0
Linke,15,0.05334499367951931,soft_tau1.0
Linke,16,0.06610220811007768,soft_tau1.0
Linke,17,0.06505272244596685,soft_tau1.0
Linke,18,0.06477437215342274,soft_tau1.0
Linke,19,0.1049905745147446,soft_tau1.0
Linke,20,0.061515693104832084,soft_tau1.0
SPD,13,0.06582690796123093,soft_tau1.0
SPD,14,0.021144208829636038,soft_tau1.0
SPD,15,0.01811891200193954,soft_tau1.0
SPD,16,0.014803687483439012,soft_tau1.0
SPD,17,0.051738671954139406,soft_tau1.0
SPD,18,0.019363952467894095,soft_tau1.0
SPD,19,0.028271955388319354,soft_tau1.0
SPD,20,0.058720373339741935,soft_tau1.0
AfD,19,0.06160700676098491,hard_thr0.4
AfD,20,0.03703420244315035,hard_thr0.4
CDU/CSU,13,0.07298934932453166,hard_thr0.4
CDU/CSU,14,0.06645580066255577,hard_thr0.4
CDU/CSU,15,0.026768205264966642,hard_thr0.4
CDU/CSU,16,0.04908706039207861,hard_thr0.4
CDU/CSU,17,0.02589232777579715,hard_thr0.4
CDU/CSU,18,0.01154222904739179,hard_thr0.4
CDU/CSU,19,0.05832906012425067,hard_thr0.4
CDU/CSU,20,0.020779198377192738,hard_thr0.4
FDP,13,0.05836588942807866,hard_thr0.4
FDP,14,0.06155005995560123,hard_thr0.4
FDP,15,0.03757223501440649,hard_thr0.4
FDP,16,0.029528034621686298,hard_thr0.4
FDP,17,0.024682066845659885,hard_thr0.4
FDP,19,0.049677268536906544,hard_thr0.4
FDP,20,0.03417403259640289,hard_thr0.4
Grüne,13,0.12167143601977748,hard_thr0.4
Grüne,14,0.07324989497314038,hard_thr0.4
Grüne,15,0.06092784278862011,hard_thr0.4
Grüne,16,0.036999046951380496,hard_thr0.4
Grüne,17,0.03146069079516303,hard_thr0.4
Grüne,18,0.030289261927639657,hard_thr0.4
Grüne,19,0.07571568770291151,hard_thr0.4
Grüne,20,0.031350177360880055,hard_thr0.4
Linke,13,0.0882470770411196,hard_thr0.4
Linke,14,0.06071751281072843,hard_thr0.4
Linke,15,0.04478944550294633,hard_thr0.4
Linke,16,0.03623933950653182,hard_thr0.4
Linke,17,0.03608886328042978,hard_thr0.4
Linke,18,0.03192514549509182,hard_thr0.4
Linke,19,0.07536217139364193,hard_thr0.4
Linke,20,0.028852282463029146,hard_thr0.4
SPD,13,0.03916931526694169,hard_thr0.4
SPD,14,0.02702769462428019,hard_thr0.4
SPD,15,0.016632718075851177,hard_thr0.4
SPD,16,0.007553575814015057,hard_thr0.4
SPD,17,0.032585506917080335,hard_thr0.4
SPD,18,0.009508442055484734,hard_thr0.4
SPD,19,0.021863169394443906,hard_thr0.4
SPD,20,0.03607785091477844,hard_thr0.4
AfD,19,0.06340724667620784,hard_thr0.5
AfD,20,0.035618266578019586,hard_thr0.5
CDU/CSU,13,0.06963657958762855,hard_thr0.5
CDU/CSU,14,0.06527036096775753,hard_thr0.5
CDU/CSU,15,0.030624587945659615,hard_thr0.5
CDU/CSU,16,0.04682834865117887,hard_thr0.5
CDU/CSU,17,0.024929346776599894,hard_thr0.5
CDU/CSU,18,0.012572133435671365,hard_thr0.5
CDU/CSU,19,0.06482873105718143,hard_thr0.5
CDU/CSU,20,0.022156720258174716,hard_thr0.5
FDP,13,0.056093429012771825,hard_thr0.5
FDP,14,0.06314269299798378,hard_thr0.5
FDP,15,0.04141352366451782,hard_thr0.5
FDP,16,0.026830634788461316,hard_thr0.5
FDP,17,0.024204760170377433,hard_thr0.5
FDP,19,0.055382294832502205,hard_thr0.5
FDP,20,0.038078601230286155,hard_thr0.5
Grüne,13,0.11873407802208127,hard_thr0.5
Grüne,14,0.0751722444917355,hard_thr0.5
Grüne,15,0.06252761529994655,hard_thr0.5
Grüne,16,0.03536651201806656,hard_thr0.5
Grüne,17,0.02720934651740973,hard_thr0.5
Grüne,18,0.03107998145381384,hard_thr0.5
Grüne,19,0.07825705706904712,hard_thr0.5
Grüne,20,0.031055406371215566,hard_thr0.5
Linke,13,0.08776442747228898,hard_thr0.5
Linke,14,0.0572784611560299,hard_thr0.5
Linke,15,0.04705630620910198,hard_thr0.5
Linke,16,0.03256549754044612,hard_thr0.5
Linke,17,0.032037454666838855,hard_thr0.5
Linke,18,0.027344334493269253,hard_thr0.5
Linke,19,0.0729324589678386,hard_thr0.5
Linke,20,0.026174859089382795,hard_thr0.5
SPD,13,0.034714805453762564,hard_thr0.5
SPD,14,0.029844710276941383,hard_thr0.5
SPD,15,0.01724349556545484,hard_thr0.5
SPD,16,0.0064786343627415595,hard_thr0.5
SPD,17,0.0295490378208133,hard_thr0.5
SPD,18,0.008952126424734658,hard_thr0.5
SPD,19,0.022990116591146338,hard_thr0.5
SPD,20,0.035238956101907214,hard_thr0.5
