party,lp,jsd_B,tau_name,tau,spearman_rho_sharp_vs_native,spearman_rho_sharp_vs_flat,spearman_rho_native_vs_flat
AfD,19,0.06427805606670374,sharp,0.5,0.9635888501742162,0.776480836236934,0.8876306620209061
AfD,20,0.04725029857557336,sharp,0.5,0.9635888501742162,0.776480836236934,0.8876306620209061
CDU/CSU,13,0.07055548020935976,sharp,0.5,0.9635888501742162,0.776480836236934,0.8876306620209061
CDU/CSU,14,0.061407271063608916,sharp,0.5,0.9635888501742162,0.776480836236934,0.8876306620209061
CDU/CSU,15,0.02152984446379084,sharp,0.5,0.9635888501742162,0.776480836236934,0.8876306620209061
CDU/CSU,16,0.04780220562476715,sharp,0.5,0.9635888501742162,0.776480836236934,0.8876306620209061
CDU/CSU,17,0.023472205252023724,sharp,0.5,0.9635888501742162,0.776480836236934,0.8876306620209061
CDU/CSU,18,0.008535863006500218,sharp,0.5,0.9635888501742162,0.776480836236934,0.8876306620209061
CDU/CSU,19,0.045634585218591664,sharp,0.5,0.9635888501742162,0.776480836236934,0.8876306620209061
CDU/CSU,20,0.018474696211840815,sharp,0.5,0.9635888501742162,0.776480836236934,0.8876306620209061
FDP,13,0.06436559160458177,sharp,0.5,0.9635888501742162,0.776480836236934,0.8876306620209061
FDP,14,0.05986700797411418,sharp,0.5,0.9635888501742162,0.776480836236934,0.8876306620209061
FDP,15,0.034706119054287374,sharp,0.5,0.9635888501742162,0.776480836236934,0.8876306620209061
FDP,16,0.031979731569075784,sharp,0.5,0.9635888501742162,0.776480836236934,0.8876306620209061
FDP,17,0.024660525565634965,sharp,0.5,0.9635888501742162,0.776480836236934,0.8876306620209061
FDP,19,0.04397181153013138,sharp,0.5,0.9635888501742162,0.776480836236934,0.8876306620209061
FDP,20,0.034930987202263286,sharp,0.5,0.9635888501742162,0.776480836236934,0.8876306620209061
Grüne,13,0.13249379897554533,sharp,0.5,0.9635888501742162,0.776480836236934,0.8876306620209061
Grüne,14,0.07393659162446058,sharp,0.5,0.9635888501742162,0.776480836236934,0.8876306620209061
Grüne,15,0.0671421483846277,sharp,0.5,0.9635888501742162,0.776480836236934,0.8876306620209061
Grüne,16,0.04704796365496228,sharp,0.5,0.9635888501742162,0.776480836236934,0.8876306620209061
Grüne,17,0.04428036011415798,sharp,0.5,0.9635888501742162,0.776480836236934,0.8876306620209061
Grüne,18,0.03989993497247919,sharp,0.5,0.9635888501742162,0.776480836236934,0.8876306620209061
Grüne,19,0.07646320007207774,sharp,0.5,0.9635888501742162,0.776480836236934,0.8876306620209061
Grüne,20,0.04034647444519955,sharp,0.5,0.9635888501742162,0.776480836236934,0.8876306620209061
Linke,13,0.09962007162733472,sharp,0.5,0.9635888501742162,0.776480836236934,0.8876306620209061
Linke,14,0.07938384553370156,sharp,0.5,0.9635888501742162,0.776480836236934,0.8876306620209061
Linke,15,0.044327944606267114,sharp,0.5,0.9635888501742162,0.776480836236934,0.8876306620209061
Linke,16,0.04924079135910017,sharp,0.5,0.9635888501742162,0.776480836236934,0.8876306620209061
Linke,17,0.04792403866380486,sharp,0.5,0.9635888501742162,0.776480836236934,0.8876306620209061
Linke,18,0.04868983683530977,sharp,0.5,0.9635888501742162,0.776480836236934,0.8876306620209061
Linke,19,0.0875665091458176,sharp,0.5,0.9635888501742162,0.776480836236934,0.8876306620209061
Linke,20,0.041483532853094335,sharp,0.5,0.9635888501742162,0.776480836236934,0.8876306620209061
SPD,13,0.050631939923793556,sharp,0.5,0.9635888501742162,0.776480836236934,0.8876306620209061
SPD,14,0.022033072876149258,sharp,0.5,0.9635888501742162,0.776480836236934,0.8876306620209061
SPD,15,0.016701837144241574,sharp,0.5,0.9635888501742162,0.776480836236934,0.8876306620209061
SPD,16,0.010420188943980242,sharp,0.5,0.9635888501742162,0.776480836236934,0.8876306620209061
SPD,17,0.04049136436772346,sharp,0.5,0.9635888501742162,0.776480836236934,0.8876306620209061
SPD,18,0.01387620275173693,sharp,0.5,0.9635888501742162,0.776480836236934,0.8876306620209061
SPD,19,0.022096019811988245,sharp,0.5,0.9635888501742162,0.776480836236934,0.8876306620209061
SPD,20,0.04494297646332113,sharp,0.5,0.9635888501742162,0.776480836236934,0.8876306620209061
AfD,19,0.07174411779197327,native,1,0.9635888501742162,0.776480836236934,0.8876306620209061
AfD,20,0.05533347478603628,native,1,0.9635888501742162,0.776480836236934,0.8876306620209061
CDU/CSU,13,0.0667674817328617,native,1,0.9635888501742162,0.776480836236934,0.8876306620209061
CDU/CSU,14,0.0599968500855214,native,1,0.9635888501742162,0.776480836236934,0.8876306620209061
CDU/CSU,15,0.018652752578033886,native,1,0.9635888501742162,0.776480836236934,0.8876306620209061
CDU/CSU,16,0.04820592526875396,native,1,0.9635888501742162,0.776480836236934,0.8876306620209061
CDU/CSU,17,0.022865172499641408,native,1,0.9635888501742162,0.776480836236934,0.8876306620209061
CDU/CSU,18,0.007029323859123467,native,1,0.9635888501742162,0.776480836236934,0.8876306620209061
CDU/CSU,19,0.038567668459773635,native,1,0.9635888501742162,0.776480836236934,0.8876306620209061
CDU/CSU,20,0.020502395225336305,native,1,0.9635888501742162,0.776480836236934,0.8876306620209061
FDP,13,0.07247665689216147,native,1,0.9635888501742162,0.776480836236934,0.8876306620209061
FDP,14,0.06457087307530096,native,1,0.9635888501742162,0.776480836236934,0.8876306620209061
FDP,15,0.03699613315000743,native,1,0.9635888501742162,0.776480836236934,0.8876306620209061
FDP,16,0.035142750124018386,native,1,0.9635888501742162,0.776480836236934,0.8876306620209061
FDP,17,0.026938879247655274,native,1,0.9635888501742162,0.776480836236934,0.8876306620209061
FDP,19,0.044886083623891376,native,1,0.9635888501742162,0.776480836236934,0.8876306620209061
FDP,20,0.04014251853875662,native,1,0.9635888501742162,0.776480836236934,0.8876306620209061
Grüne,13,0.150103926925655,native,1,0.9635888501742162,0.776480836236934,0.8876306620209061
Grüne,14,0.0789825336596563,native,1,0.9635888501742162,0.776480836236934,0.8876306620209061
Grüne,15,0.07636873228918753,native,1,0.9635888501742162,0.776480836236934,0.8876306620209061
Grüne,16,0.060920260181928296,native,1,0.9635888501742162,0.776480836236934,0.8876306620209061
Grüne,17,0.0595658896801827,native,1,0.9635888501742162,0.776480836236934,0.8876306620209061
Grüne,18,0.05040201721352905,native,1,0.9635888501742162,0.776480836236934,0.8876306620209061
Grüne,19,0.08633268575909125,native,1,0.9635888501742162,0.776480836236934,0.8876306620209061
Grüne,20,0.052248299093687736,native,1,0.9635888501742162,0.776480836236934,0.8876306620209061
Linke,13,0.12127305689279566,native,1,0.9635888501742162,0.776480836236934,0.8876306620209061
Linke,14,0.10126135123570604,native,1,0.9635888501742162,0.776480836236934,0.8876306620209061
Linke,15,0.05334499367951931,native,1,0.9635888501742162,0.776480836236934,0.8876306620209061
Linke,16,0.06610220811007768,native,1,0.9635888501742162,0.776480836236934,0.8876306620209061
Linke,17,0.06505272244596685,native,1,0.9635888501742162,0.776480836236934,0.8876306620209061
Linke,18,0.06477437215342274,native,1,0.9635888501742162,0.776480836236934,0.8876306620209061
Linke,19,0.1049905745147446,native,1,0.9635888501742162,0.776480836236934,0.8876306620209061
Linke,20,0.061515693104832084,native,1,0.9635888501742162,0.776480836236934,0.8876306620209061
SPD,13,0.06582690796123093,native,1,0.9635888501742162,0.776480836236934,0.8876306620209061
SPD,14,0.021144208829636038,native,1,0.9635888501742162,0.776480836236934,0.8876306620209061
SPD,15,0.01811891200193954,native,1,0.9635888501742162,0.776480836236934,0.8876306620209061
SPD,16,0.014803687483439012,native,1,0.9635888501742162,0.776480836236934,0.8876306620209061
SPD,17,0.051738671954139406,native,1,0.9635888501742162,0.776480836236934,0.8876306620209061
SPD,18,0.019363952467894095,native,1,0.9635888501742162,0.776480836236934,0.8876306620209061
SPD,19,0.028271955388319354,native,1,0.9635888501742162,0.776480836236934,0.8876306620209061
SPD,20,0.058720373339741935,native,1,0.9635888501742162,0.776480836236934,0.8876306620209061
AfD,19,0.10541543834028658,flat,2,0.9635888501742162,0.776480836236934,0.8876306620209061
AfD,20,0.09054717223158396,flat,2,0.9635888501742162,0.776480836236934,0.8876306620209061
CDU/CSU,13,0.0824509132663613,flat,2,0.9635888501742162,0.776480836236934,0.8876306620209061
CDU/CSU,14,0.08003672256273398,flat,2,0.9635888501742162,0.776480836236934,0.8876306620209061
CDU/CSU,15,0.031182959580843633,flat,2,0.9635888501742162,0.776480836236934,0.8876306620209061
CDU/CSU,16,0.06511874990211643,flat,2,0.9635888501742162,0.776480836236934,0.8876306620209061
CDU/CSU,17,0.03569865447062791,flat,2,0.9635888501742162,0.776480836236934,0.8876306620209061
CDU/CSU,18,0.018350871583189873,flat,2,0.9635888501742162,0.776480836236934,0.8876306620209061
CDU/CSU,19,0.03631095811921574,flat,2,0.9635888501742162,0.776480836236934,0.8876306620209061
CDU/CSU,20,0.04439843605968462,flat,2,0.9635888501742162,0.776480836236934,0.8876306620209061
FDP,13,0.1108624921071168,flat,2,0.9635888501742162,0.776480836236934,0.8876306620209061
FDP,14,0.0982630982589563,flat,2,0.9635888501742162,0.776480836236934,0.8876306620209061
FDP,15,0.06181463652025709,flat,2,0.9635888501742162,0.776480836236934,0.8876306620209061
FDP,16,0.06249872442998887,flat,2,0.9635888501742162,0.776480836236934,0.8876306620209061
FDP,17,0.04609219419486378,flat,2,0.9635888501742162,0.776480836236934,0.8876306620209061
FDP,19,0.058841153362997806,flat,2,0.9635888501742162,0.776480836236934,0.8876306620209061
FDP,20,0.0675001733402211,flat,2,0.9635888501742162,0.776480836236934,0.8876306620209061
Grüne,13,0.20871112302321992,flat,2,0.9635888501742162,0.776480836236934,0.8876306620209061
Grüne,14,0.10716042953854704,flat,2,0.9635888501742162,0.776480836236934,0.8876306620209061
Grüne,15,0.11478201896981952,flat,2,0.9635888501742162,0.776480836236934,0.8876306620209061
Grüne,16,0.11022917976959529,flat,2,0.9635888501742162,0.776480836236934,0.8876306620209061
Grüne,17,0.11534597157762624,flat,2,0.9635888501742162,0.776480836236934,0.8876306620209061
Grüne,18,0.09362866259423881,flat,2,0.9635888501742162,0.776480836236934,0.8876306620209061
Grüne,19,0.12420956252214552,flat,2,0.9635888501742162,0.776480836236934,0.8876306620209061
Grüne,20,0.10156383044253792,flat,2,0.9635888501742162,0.776480836236934,0.8876306620209061
Linke,13,0.2039426164880468,flat,2,0.9635888501742162,0.776480836236934,0.8876306620209061
Linke,14,0.17151480799482008,flat,2,0.9635888501742162,0.776480836236934,0.8876306620209061
Linke,15,0.11509625394505446,flat,2,0.9635888501742162,0.776480836236934,0.8876306620209061
Linke,16,0.1281932502226773,flat,2,0.9635888501742162,0.776480836236934,0.8876306620209061
Linke,17,0.13183960628092095,flat,2,0.9635888501742162,0.776480836236934,0.8876306620209061
Linke,18,0.12928552824639816,flat,2,0.9635888501742162,0.776480836236934,0.8876306620209061
Linke,19,0.17499146354595144,flat,2,0.9635888501742162,0.776480836236934,0.8876306620209061
Linke,20,0.14392721404076242,flat,2,0.9635888501742162,0.776480836236934,0.8876306620209061
SPD,13,0.1276351429522617,flat,2,0.9635888501742162,0.776480836236934,0.8876306620209061
SPD,14,0.046553336114790636,flat,2,0.9635888501742162,0.776480836236934,0.8876306620209061
SPD,15,0.04234758298000196,flat,2,0.9635888501742162,0.776480836236934,0.8876306620209061
SPD,16,0.04817589110250459,flat,2,0.9635888501742162,0.776480836236934,0.8876306620209061
SPD,17,0.09659558033530799,flat,2,0.9635888501742162,0.776480836236934,0.8876306620209061
SPD,18,0.05182545313843098,flat,2,0.9635888501742162,0.776480836236934,0.8876306620209061
SPD,19,0.062418464653071576,flat,2,0.9635888501742162,0.776480836236934,0.8876306620209061
SPD,20,0.11471725562241296,flat,2,0.9635888501742162,0.776480836236934,0.8876306620209061
