bucket,mean_contrib,sd_contrib,n_cells
Democracy & Political System,0.03746502306688027,0.022291253712695896,42
Welfare & Social Policy,0.00995475199444279,0.006960135364639853,42
Economy,0.006482360738272861,0.010749347003937341,42
Social Groups,0.0050606789595662605,0.009271909760102635,42
Environment,0.004319277168227894,0.006691790424690935,42
Law & Order and National Identity,0.003927441142316056,0.008093173508385731,42
Foreign Policy & Defence,0.003697704757377073,0.01452955007207371,42
Migration,0.002807465996293161,0.0048253646142732524,42
European Integration,0.002418324886591074,0.0032907726566688664,42
