party,lp,bucket,jsd_contrib
AfD,19,Foreign Policy & Defence,1.942979086784198e-5
AfD,19,European Integration,0.001916530597095031
AfD,19,Democracy & Political System,0.03294662732151267
AfD,19,Economy,0.005683028197162935
AfD,19,Welfare & Social Policy,8.677823864785975e-5
AfD,19,Environment,0.003933740566717992
AfD,19,Law & Order and National Identity,0.0050213711971469205
AfD,19,Migration,0.023324316859935315
AfD,19,Social Groups,9.696630542426581e-4
AfD,20,Foreign Policy & Defence,0.001062632470099096
AfD,20,European Integration,0.01248881298581612
AfD,20,Democracy & Political System,0.031037920223957835
AfD,20,Economy,0.002434178094480422
AfD,20,Welfare & Social Policy,4.089411414445743e-5
AfD,20,Environment,9.426557717288385e-4
AfD,20,Law & Order and National Identity,0.012402452322795608
AfD,20,Migration,0.009175485583827782
AfD,20,Social Groups,9.969833548631349e-6
CDU/CSU,13,Foreign Policy & Defence,4.3329686411648204e-4
CDU/CSU,13,European Integration,0.004399305130439495
CDU/CSU,13,Democracy & Political System,0.11969753701867414
CDU/CSU,13,Economy,0.006660906252591112
CDU/CSU,13,Welfare & Social Policy,0.006649143028721723
CDU/CSU,13,Environment,0.0036439882815838126
CDU/CSU,13,Law & Order and National Identity,0.04570557259245927
CDU/CSU,13,Migration,0.0018208322744744671
CDU/CSU,13,Social Groups,0.009336878564799273
CDU/CSU,14,Foreign Policy & Defence,1.5016338482878302e-5
CDU/CSU,14,European Integration,1.4755546839277482e-4
CDU/CSU,14,Democracy & Political System,0.0659239312095476
CDU/CSU,14,Economy,0.012412900615940269
CDU/CSU,14,Welfare & Social Policy,1.370671735484749e-4
CDU/CSU,14,Environment,2.863522566362044e-5
CDU/CSU,14,Law & Order and National Identity,0.02370411653983607
CDU/CSU,14,Migration,0.010057576446647738
CDU/CSU,14,Social Groups,6.222430603285119e-4
CDU/CSU,15,Foreign Policy & Defence,8.491465891378568e-5
CDU/CSU,15,European Integration,6.478971701938821e-4
CDU/CSU,15,Democracy & Political System,0.03142172227246162
CDU/CSU,15,Economy,4.5627970962084166e-4
CDU/CSU,15,Welfare & Social Policy,0.0032800468183276903
CDU/CSU,15,Environment,2.0443083800109714e-4
CDU/CSU,15,Law & Order and National Identity,0.013222859107738304
CDU/CSU,15,Migration,0.004779845008931388
CDU/CSU,15,Social Groups,0.0034312611986458304
CDU/CSU,16,Foreign Policy & Defence,0.003148635528565218
CDU/CSU,16,European Integration,0.00236442539385892
CDU/CSU,16,Democracy & Political System,0.0032426090076066623
CDU/CSU,16,Economy,0.00823072854439004
CDU/CSU,16,Welfare & Social Policy,0.003931523791493844
CDU/CSU,16,Environment,3.414307932987945e-4
CDU/CSU,16,Law & Order and National Identity,0.002672202361478417
CDU/CSU,16,Migration,7.279340225199195e-5
CDU/CSU,16,Social Groups,3.6444436216528345e-6
CDU/CSU,17,Foreign Policy & Defence,7.991743613616027e-5
CDU/CSU,17,European Integration,6.039092311525248e-4
CDU/CSU,17,Democracy & Political System,0.04455344672394245
CDU/CSU,17,Economy,0.008153455491199599
CDU/CSU,17,Welfare & Social Policy,1.7510476941406776e-4
CDU/CSU,17,Environment,6.627057318453816e-4
CDU/CSU,17,Law & Order and National Identity,0.00729578035863929
CDU/CSU,17,Migration,5.871506499104612e-4
CDU/CSU,17,Social Groups,0.0013811714904657796
CDU/CSU,18,Foreign Policy & Defence,0.006607727431660725
CDU/CSU,18,European Integration,1.862860241713248e-6
CDU/CSU,18,Democracy & Political System,0.03378920544344966
CDU/CSU,18,Economy,0.00911879514442903
CDU/CSU,18,Welfare & Social Policy,0.004025178055314823
CDU/CSU,18,Environment,0.0032218979154327726
CDU/CSU,18,Law & Order and National Identity,0.0015972462604089376
CDU/CSU,18,Migration,1.2805186960688966e-5
CDU/CSU,18,Social Groups,0.0014140617128559803
CDU/CSU,19,Foreign Policy & Defence,1.1461395775397287e-4
CDU/CSU,19,European Integration,0.0014003389577819337
CDU/CSU,19,Democracy & Political System,0.05573055437318265
CDU/CSU,19,Economy,0.009373218934027108
CDU/CSU,19,Welfare & Social Policy,0.0014858138070679705
CDU/CSU,19,Environment,0.0021521523506174423
CDU/CSU,19,Law & Order and National Identity,6.475094381899558e-4
CDU/CSU,19,Migration,0.014247538706314854
CDU/CSU,19,Social Groups,3.9470622955667216e-4
CDU/CSU,20,Foreign Policy & Defence,9.466713728906694e-5
CDU/CSU,20,European Integration,0.008429248330234517
CDU/CSU,20,Democracy & Political System,0.059613048487230674
CDU/CSU,20,Economy,0.00783307123207714
CDU/CSU,20,Welfare & Social Policy,0.002485118952916107
CDU/CSU,20,Environment,0.0033351884359621737
CDU/CSU,20,Law & Order and National Identity,0.011071921439458694
CDU/CSU,20,Migration,1.930918139407601e-4
CDU/CSU,20,Social Groups,4.114871143097855e-5
FDP,13,Foreign Policy & Defence,4.2363022460786565e-4
FDP,13,European Integration,0.002887956747318526
FDP,13,Democracy & Political System,0.03858610946885169
FDP,13,Economy,0.001051437837519771
FDP,13,Welfare & Social Policy,0.009664448000392931
FDP,13,Environment,0.013335977027550242
FDP,13,Law & Order and National Identity,1.8194765607605547e-4
FDP,13,Migration,0.01402242546596425
FDP,13,Social Groups,0.00640939668638537
FDP,14,Foreign Policy & Defence,3.998915405635604e-5
FDP,14,European Integration,7.939576663495225e-4
FDP,14,Democracy & Political System,0.049564835373439364
FDP,14,Economy,0.015261691271812698
FDP,14,Welfare & Social Policy,0.008770169135024233
FDP,14,Environment,0.0034866476256302376
FDP,14,Law & Order and National Identity,0.0012606142642362225
FDP,14,Migration,3.3250691963105706e-5
FDP,14,Social Groups,6.89739457496682e-5
FDP,15,Foreign Policy & Defence,6.731890379939659e-4
FDP,15,European Integration,5.168651454401092e-5
FDP,15,Democracy & Political System,0.033485797808577605
FDP,15,Economy,0.005412633520160082
FDP,15,Welfare & Social Policy,0.021793598369716588
FDP,15,Environment,6.995959400465401e-4
FDP,15,Law & Order and National Identity,0.0014475631472470833
FDP,15,Migration,2.666922368309713e-4
FDP,15,Social Groups,0.0019083096829991594
FDP,16,Foreign Policy & Defence,4.30950057571715e-4
FDP,16,European Integration,0.005371066120817263
FDP,16,Democracy & Political System,0.017143991373692914
FDP,16,Economy,0.012794907203250168
FDP,16,Welfare & Social Policy,0.0011189663985242317
FDP,16,Environment,1.800220516273818e-4
FDP,16,Law & Order and National Identity,9.492571354684427e-6
FDP,16,Migration,5.554707180088227e-4
FDP,16,Social Groups,4.288826530760362e-4
FDP,17,Foreign Policy & Defence,3.708819845163339e-4
FDP,17,European Integration,0.0021104581234828836
FDP,17,Democracy & Political System,0.01523203626042035
FDP,17,Economy,0.010283925829232862
FDP,17,Welfare & Social Policy,0.002059818904828736
FDP,17,Environment,7.021610264716042e-4
FDP,17,Law & Order and National Identity,2.1433027426624252e-4
FDP,17,Migration,0.0023807625367670594
FDP,17,Social Groups,1.4920983004362365e-4
FDP,18,Foreign Policy & Defence,0.0947723096417998
FDP,18,European Integration,0.01538587843938223
FDP,18,Democracy & Political System,0.0037293918602842556
FDP,18,Economy,0.0672143670170975
FDP,18,Welfare & Social Policy,0.024018382112434348
FDP,18,Environment,0.002765467209815059
FDP,18,Law & Order and National Identity,0.002520860870067515
FDP,18,Migration,0.007410963775751548
FDP,18,Social Groups,0.02537441905498243
FDP,19,Foreign Policy & Defence,9.911286944142709e-4
FDP,19,European Integration,0.006817529137104915
FDP,19,Democracy & Political System,0.0365171492354239
FDP,19,Economy,0.02179407512183787
FDP,19,Welfare & Social Policy,0.006317760724303654
FDP,19,Environment,0.0010657382234874491
FDP,19,Law & Order and National Identity,0.0014164594465508563
FDP,19,Migration,5.3695790187052814e-5
FDP,19,Social Groups,1.7609128894783893e-4
FDP,20,Foreign Policy & Defence,0.0011238551289666585
FDP,20,European Integration,0.005555604297589754
FDP,20,Democracy & Political System,0.024520173179534942
FDP,20,Economy,0.0018260485860253466
FDP,20,Welfare & Social Policy,0.013868992926268559
FDP,20,Environment,0.0011659622689287425
FDP,20,Law & Order and National Identity,9.517710866570658e-4
FDP,20,Migration,0.001155834111617419
FDP,20,Social Groups,2.8708182337679362e-5
Grüne,13,Foreign Policy & Defence,0.002696992813191539
Grüne,13,European Integration,6.680627487249059e-4
Grüne,13,Democracy & Political System,0.06138378037808134
Grüne,13,Economy,0.004238970818938953
Grüne,13,Welfare & Social Policy,0.005935192169495972
Grüne,13,Environment,0.032414499862520166
Grüne,13,Law & Order and National Identity,2.4312613214915553e-4
Grüne,13,Migration,0.0021799712407616877
Grüne,13,Social Groups,0.02277565472660735
Grüne,14,Foreign Policy & Defence,7.53008633875096e-4
Grüne,14,European Integration,0.0010199661793297106
Grüne,14,Democracy & Political System,0.03490856450338867
Grüne,14,Economy,7.366873853028311e-4
Grüne,14,Welfare & Social Policy,0.011330623717436903
Grüne,14,Environment,0.0059737929175615635
Grüne,14,Law & Order and National Identity,0.0016735118204142321
Grüne,14,Migration,0.0015963646609847464
Grüne,14,Social Groups,0.008579912142462127
Grüne,15,Foreign Policy & Defence,6.725979020238979e-4
Grüne,15,European Integration,8.775361465001683e-4
Grüne,15,Democracy & Political System,0.01917841146113776
Grüne,15,Economy,9.387927594478266e-4
Grüne,15,Welfare & Social Policy,0.015082763634530635
Grüne,15,Environment,0.011964661969476608
Grüne,15,Law & Order and National Identity,1.4300594146587258e-5
Grüne,15,Migration,5.700327307313368e-4
Grüne,15,Social Groups,0.0051771489694103015
Grüne,16,Foreign Policy & Defence,1.706860986276336e-4
Grüne,16,European Integration,0.0017159823110356699
Grüne,16,Democracy & Political System,0.021617120487491294
Grüne,16,Economy,2.456736547405301e-4
Grüne,16,Welfare & Social Policy,0.012925030862419265
Grüne,16,Environment,0.003193870857998913
Grüne,16,Law & Order and National Identity,1.3380231703098624e-4
Grüne,16,Migration,1.343581898739564e-4
Grüne,16,Social Groups,0.00281718302608671
Grüne,17,Foreign Policy & Defence,6.019039675034862e-6
Grüne,17,European Integration,1.1115418185118821e-4
Grüne,17,Democracy & Political System,0.022989323281225146
Grüne,17,Economy,6.442412489170209e-4
Grüne,17,Welfare & Social Policy,0.010350541150053794
Grüne,17,Environment,0.006723954778808959
Grüne,17,Law & Order and National Identity,0.0015069431308176676
Grüne,17,Migration,0.0010621338607201677
Grüne,17,Social Groups,0.0041365067414984545
Grüne,18,Foreign Policy & Defence,0.0034897727239116706
Grüne,18,European Integration,1.1976987243384894e-4
Grüne,18,Democracy & Political System,0.023821756765648697
Grüne,18,Economy,0.0012937574765215648
Grüne,18,Welfare & Social Policy,0.01572283985357424
Grüne,18,Environment,0.013702400474696674
Grüne,18,Law & Order and National Identity,4.4655419294468285e-4
Grüne,18,Migration,0.0017085225728391516
Grüne,18,Social Groups,9.29218065262612e-4
Grüne,19,Foreign Policy & Defence,4.0555116459224227e-4
Grüne,19,European Integration,0.0016358751571101818
Grüne,19,Democracy & Political System,0.047850694710973
Grüne,19,Economy,6.736806030960586e-4
Grüne,19,Welfare & Social Policy,0.010394022175647423
Grüne,19,Environment,0.016778193142274186
Grüne,19,Law & Order and National Identity,8.700004270515717e-5
Grüne,19,Migration,0.0032156504542302806
Grüne,19,Social Groups,3.1789699776575047e-4
Grüne,20,Foreign Policy & Defence,7.288509088124182e-4
Grüne,20,European Integration,0.0040822475859855715
Grüne,20,Democracy & Political System,0.030066805892257645
Grüne,20,Economy,6.389808413730883e-4
Grüne,20,Welfare & Social Policy,0.013541775524590502
Grüne,20,Environment,0.0048293628407967346
Grüne,20,Law & Order and National Identity,4.111920837042652e-4
Grüne,20,Migration,2.1605876389002143e-4
Grüne,20,Social Groups,5.083088374946499e-4
Linke,13,Foreign Policy & Defence,0.0018143298887898333
Linke,13,European Integration,0.0029956594407941394
Linke,13,Democracy & Political System,0.04706823763720369
Linke,13,Economy,0.005561218616366308
Linke,13,Welfare & Social Policy,0.006020331013539475
Linke,13,Environment,2.038968058451305e-4
Linke,13,Law & Order and National Identity,4.0699671328388656e-5
Linke,13,Migration,0.003019644242386272
Linke,13,Social Groups,0.05229793964815122
Linke,14,Foreign Policy & Defence,0.005011561397538432
Linke,14,European Integration,0.0024368936663917403
Linke,14,Democracy & Political System,0.014996227081531123
Linke,14,Economy,0.001649022894911636
Linke,14,Welfare & Social Policy,0.018002889974206224
Linke,14,Environment,0.0012582925883465271
Linke,14,Law & Order and National Identity,4.561359669342964e-4
Linke,14,Migration,0.001134048520175063
Linke,14,Social Groups,0.004931066503989445
Linke,15,Foreign Policy & Defence,1.0096345875498618e-4
Linke,15,European Integration,0.001146696026088666
Linke,15,Democracy & Political System,0.03604225341365826
Linke,15,Economy,0.002173733787459959
Linke,15,Welfare & Social Policy,0.009782657830029004
Linke,15,Environment,0.001613383056117012
Linke,15,Law & Order and National Identity,0.006311241732986217
Linke,15,Migration,0.0014943787400649943
Linke,15,Social Groups,0.007064518147682917
Linke,16,Foreign Policy & Defence,0.002710778513714847
Linke,16,European Integration,0.0040316637465859315
Linke,16,Democracy & Political System,0.0161688444630836
Linke,16,Economy,5.680533303234871e-5
Linke,16,Welfare & Social Policy,0.011089296200711175
Linke,16,Environment,0.001968649619191555
Linke,16,Law & Order and National Identity,0.0013617933418122938
Linke,16,Migration,7.350298595319893e-4
Linke,16,Social Groups,0.00393677055263451
Linke,17,Foreign Policy & Defence,8.991908292381272e-6
Linke,17,European Integration,1.559551347115706e-5
Linke,17,Democracy & Political System,0.026367486735512466
Linke,17,Economy,5.840369141985862e-4
Linke,17,Welfare & Social Policy,0.01375720468204035
Linke,17,Environment,4.2607084163089233e-4
Linke,17,Law & Order and National Identity,6.804861127382555e-4
Linke,17,Migration,1.3301050340535346e-4
Linke,17,Social Groups,0.0034061628580936126
Linke,18,Foreign Policy & Defence,0.006787852212845433
Linke,18,European Integration,6.953133880293521e-4
Linke,18,Democracy & Political System,0.020187412825107075
Linke,18,Economy,0.002235261074019319
Linke,18,Welfare & Social Policy,0.016168778490288437
Linke,18,Environment,0.003998034818590408
Linke,18,Law & Order and National Identity,0.0014717249206337105
Linke,18,Migration,0.004575158919271407
Linke,18,Social Groups,0.006705405034632735
Linke,19,Foreign Policy & Defence,0.0033267684488133605
Linke,19,European Integration,3.520166149484547e-4
Linke,19,Democracy & Political System,0.038857803295064997
Linke,19,Economy,0.0035075361680026902
Linke,19,Welfare & Social Policy,0.02685953247301104
Linke,19,Environment,0.0015645610227488626
Linke,19,Law & Order and National Identity,0.002757153468830667
Linke,19,Migration,1.7792354346876627e-4
Linke,19,Social Groups,5.592888845598488e-4
Linke,20,Foreign Policy & Defence,7.208620261214072e-4
Linke,20,European Integration,3.693014498226633e-5
Linke,20,Democracy & Political System,0.03795026473236
Linke,20,Economy,9.529592327317364e-5
Linke,20,Welfare & Social Policy,0.020781017657891643
Linke,20,Environment,0.006420512226605179
Linke,20,Law & Order and National Identity,2.210138959251565e-5
Linke,20,Migration,5.498197487525313e-4
Linke,20,Social Groups,7.679040960029042e-4
SPD,13,Foreign Policy & Defence,8.61862369612638e-5
SPD,13,European Integration,0.001127227322449297
SPD,13,Democracy & Political System,0.09165696548646492
SPD,13,Economy,0.0035574340165728593
SPD,13,Welfare & Social Policy,0.011746498294645472
SPD,13,Environment,0.022641289180065124
SPD,13,Law & Order and National Identity,7.616524319352296e-4
SPD,13,Migration,0.0031809793171666987
SPD,13,Social Groups,0.013068984251493509
SPD,14,Foreign Policy & Defence,0.004511064101822887
SPD,14,European Integration,5.024347670507853e-4
SPD,14,Democracy & Political System,0.061533023979077395
SPD,14,Economy,0.00811274888482838
SPD,14,Welfare & Social Policy,0.012864330036949465
SPD,14,Environment,6.328538628739434e-4
SPD,14,Law & Order and National Identity,0.002442724178162768
SPD,14,Migration,1.3337949776874992e-4
SPD,14,Social Groups,0.008184946822695816
SPD,15,Foreign Policy & Defence,1.337149634113707e-4
SPD,15,European Integration,2.764416510297541e-4
SPD,15,Democracy & Political System,0.020872435633355453
SPD,15,Economy,0.001434566125940848
SPD,15,Welfare & Social Policy,0.0036183363074093547
SPD,15,Environment,1.1875672673889804e-4
SPD,15,Law & Order and National Identity,0.007491323394146574
SPD,15,Migration,2.831289764353086e-4
SPD,15,Social Groups,0.0032292090901217922
SPD,16,Foreign Policy & Defence,0.0021287866873129294
SPD,16,European Integration,1.5077332619904942e-4
SPD,16,Democracy & Political System,0.019701835369895164
SPD,16,Economy,0.0044930881539227
SPD,16,Welfare & Social Policy,0.005776198802782136
SPD,16,Environment,2.5450855848140703e-4
SPD,16,Law & Order and National Identity,4.123251849219656e-4
SPD,16,Migration,6.255644247629732e-6
SPD,16,Social Groups,0.002900533652217794
SPD,17,Foreign Policy & Defence,4.907833523494867e-6
SPD,17,European Integration,9.938085089187766e-4
SPD,17,Democracy & Political System,0.05970125000999586
SPD,17,Economy,0.010190877456770282
SPD,17,Welfare & Social Policy,0.010740910637879013
SPD,17,Environment,0.0012998758783094146
SPD,17,Law & Order and National Identity,8.940195727674544e-4
SPD,17,Migration,7.750270200035489e-5
SPD,17,Social Groups,0.0030077850015677397
SPD,18,Foreign Policy & Defence,0.006901193332630782
SPD,18,European Integration,2.2397890129655443e-4
SPD,18,Democracy & Political System,0.025240166895657
SPD,18,Economy,0.006404741126902851
SPD,18,Welfare & Social Policy,0.013107070396036147
SPD,18,Environment,2.523849294354327e-4
SPD,18,Law & Order and National Identity,6.179155329223457e-5
SPD,18,Migration,9.119868594688885e-4
SPD,18,Social Groups,0.0018814814584847857
SPD,19,Foreign Policy & Defence,3.1044509422251815e-5
SPD,19,European Integration,0.0014516540753880744
SPD,19,Democracy & Political System,0.05352958386301472
SPD,19,Economy,0.006782474538278314
SPD,19,Welfare & Social Policy,0.011930617793292131
SPD,19,Environment,1.7770883078863575e-5
SPD,19,Law & Order and National Identity,0.0014177122707960416
SPD,19,Migration,2.2708555083678257e-4
SPD,19,Social Groups,1.1053282719946538e-5
SPD,20,Foreign Policy & Defence,0.0016143294673596677
SPD,20,European Integration,0.0035279407884338384
SPD,20,Democracy & Political System,0.04510463326599507
SPD,20,Economy,1.387660178724364e-5
SPD,20,Welfare & Social Policy,0.020662318767047112
SPD,20,Environment,0.0012896659389699033
SPD,20,Law & Order and National Identity,0.0025091415378758145
SPD,20,Migration,4.406154850149632e-4
SPD,20,Social Groups,0.00320489788612862
