bucket,variant,mean_contrib,n_cells
Foreign Policy & Defence,primary,0.001476372930927738,41
Foreign Policy & Defence,tight,0.002127714714019606,41
European Integration,primary,0.002102043092620558,41
European Integration,tight,0.0019153195574027814,41
Democracy & Political System,primary,0.03828784334021188,41
Democracy & Political System,tight,0.030329027169652373,41
Economy,primary,0.00500109229244787,41
Economy,tight,0.004117246003238128,41
Welfare & Social Policy,primary,0.00961173662571129,41
Welfare & Social Policy,tight,0.008302265670298565,41
Environment,primary,0.004357174972091622,41
Environment,tight,0.003928779616956119,41
Law & Order and National Identity,primary,0.003961747978224557,41
Law & Order and National Identity,tight,0.0038089572321177417,41
Migration,primary,0.0026951855626478347,41
Migration,tight,0.0026680685274864326,41
Social Groups,primary,0.004565221884068305,41
Social Groups,tight,0.004084267732160802,41
