bucket,primary,tight,delta,pct_change
Democracy & Political System,0.03828784334021188,0.030329027169652373,-0.007958816170559508,-20.78679673817184
Welfare & Social Policy,0.00961173662571129,0.008302265670298565,-0.0013094709554127247,-13.62366663179164
Economy,0.00500109229244787,0.004117246003238128,-8.838462892097419e-4,-17.673064953119034
Social Groups,0.004565221884068305,0.004084267732160802,-4.8095415190750265e-4,-10.535175816665882
Environment,0.004357174972091622,0.003928779616956119,-4.283953551355024e-4,-9.831952076275128
Law & Order and National Identity,0.003961747978224557,0.0038089572321177417,-1.527907461068151e-4,-3.8566498158544587
Migration,0.0026951855626478347,0.0026680685274864326,-2.7117035161402115e-5,-1.0061286887705605
European Integration,0.002102043092620558,0.0019153195574027814,-1.8672353521777653e-4,-8.88295467744163
Foreign Policy & Defence,0.001476372930927738,0.002127714714019606,6.513417830918682e-4,44.11770017231158
