party,lp,n_sent_primary,n_sent_tight,drop_pct
AfD,19,117835,88585,24.82284550430687
AfD,20,52210,39243,24.836238268530934
CDU/CSU,13,254142,202772,20.21310920666399
CDU/CSU,14,208485,167005,19.895915773317025
CDU/CSU,15,184146,145911,20.763415985142224
CDU/CSU,16,230781,185407,19.661063952405094
CDU/CSU,17,356946,284512,20.292705339182955
CDU/CSU,18,321041,254048,20.867428147806667
CDU/CSU,19,296188,229732,22.4371007603279
CDU/CSU,20,110291,83353,24.42447706521838
FDP,13,106837,83861,21.505658152138306
FDP,14,85026,66071,22.2931809093689
FDP,15,59104,45789,22.528086085544125
FDP,16,113982,89601,21.39021950834342
FDP,17,173090,136817,20.95614997977931
FDP,18,320,271,15.312500000000002
FDP,19,102825,77212,24.90931193775833
FDP,20,58035,45164,22.1779960368743
Grüne,13,79421,63517,20.02493043401619
Grüne,14,120049,96628,19.50953360711043
Grüne,15,82038,64961,20.8159633340647
Grüne,16,105787,82372,22.134099653076465
Grüne,17,131814,103563,21.43247303017889
Grüne,18,130281,98435,24.444086244348753
Grüne,19,101970,76684,24.797489457683632
Grüne,20,71576,54973,23.19632278976193
Linke,13,57876,45535,21.323173681664247
Linke,14,66510,52769,20.660051120132312
Linke,15,11563,8859,23.38493470552625
Linke,16,105592,81313,22.99321918327146
Linke,17,136407,105245,22.84486866509783
Linke,18,121104,91303,24.607775135420795
Linke,19,94088,70311,25.271022872204746
Linke,20,33102,24159,27.016494471633134
SPD,13,186160,148553,20.201439621830684
SPD,14,280419,225526,19.575349744489497
SPD,15,202917,162112,20.109207212801294
SPD,16,242609,193435,20.268827619750297
SPD,17,226468,176395,22.110408534539097
SPD,18,221534,173779,21.556510513058942
SPD,19,197738,152687,22.783177740242138
SPD,20,119236,91949,22.884866986480592
