party,lp,domain,speech_pol,election_date,manifesto_pol
AfD,19,Economy,0.10371447580556244,2017-09-24,0.14287665619450887
AfD,19,Welfare,-0.804763235250852,2017-09-24,-1
AfD,19,Migration,0.6839793499790119,2017-09-24,0.9787449933244325
AfD,19,Europe,0.59392336283968,2017-09-24,1
AfD,20,Economy,0.06465671909573242,2021-09-26,0.5354161698068208
AfD,20,Welfare,-0.8309169925531651,2021-09-26,-0.9107679967916582
AfD,20,Migration,0.7137438759448794,2021-09-26,0.9812296778007688
AfD,20,Europe,0.6009534642915162,2021-09-26,0.8374712055285384
CDU/CSU,13,Economy,0.3416121777900231,1994-10-16,0.25584082156611043
CDU/CSU,13,Welfare,-0.7292372518891423,1994-10-16,-0.46678932842686294
CDU/CSU,13,Migration,0.6560972264926491,1994-10-16,1
CDU/CSU,13,Europe,-0.4488489299170084,1994-10-16,-1
CDU/CSU,14,Economy,0.24444559148634112,1998-09-27,0.724117704565451
CDU/CSU,14,Welfare,-0.8189741155297297,1998-09-27,-0.5510298542004166
CDU/CSU,14,Migration,0.6010555115339784,1998-09-27,0.6666666666666667
CDU/CSU,14,Europe,-0.2608074955270017,1998-09-27,-0.6000000000000001
CDU/CSU,15,Economy,0.2636336555488633,2002-09-22,0.2766274948703601
CDU/CSU,15,Welfare,-0.7953998773898403,2002-09-22,-0.7160714285714285
CDU/CSU,15,Migration,0.6392452130826768,2002-09-22,0.8766033446988148
CDU/CSU,15,Europe,-0.16675159378958182,2002-09-22,-0.28037874802735396
CDU/CSU,16,Economy,0.11025620356440129,2005-09-18,0.5244770442814453
CDU/CSU,16,Welfare,-0.8116590169157486,2005-09-18,-0.9201243201243202
CDU/CSU,16,Migration,0.529432871127805,2005-09-18,0.904550499445061
CDU/CSU,16,Europe,-0.42233044151609944,2005-09-18,0
CDU/CSU,17,Economy,0.033526328414792264,2009-09-27,-0.013644426251876212
CDU/CSU,17,Welfare,-0.8500683135459743,2009-09-27,-0.9898177375012728
CDU/CSU,17,Migration,0.4987202509043747,2009-09-27,0.1852402179296682
CDU/CSU,17,Europe,-0.42921869688525743,2009-09-27,-0.4761222540592169
CDU/CSU,18,Economy,0.040951151234047675,2013-09-22,0.14002574002574003
CDU/CSU,18,Welfare,-0.8727908381274154,2013-09-22,-0.8640805016771183
CDU/CSU,18,Migration,0.49786622219565346,2013-09-22,0.6612702366127023
CDU/CSU,18,Europe,-0.4799328872530369,2013-09-22,-0.5074626865671641
CDU/CSU,19,Economy,0.04486931003747341,2017-09-24,-0.16279650436953816
CDU/CSU,19,Welfare,-0.8869120736593836,2017-09-24,-0.9880182123172777
CDU/CSU,19,Migration,0.5488175948060209,2017-09-24,0.4898676033504458
CDU/CSU,19,Europe,-0.47607160116036046,2017-09-24,-1
CDU/CSU,20,Economy,0.11323119029158044,2021-09-26,0.15949516569488523
CDU/CSU,20,Welfare,-0.8889373998429769,2021-09-26,-0.9386046511627906
CDU/CSU,20,Migration,0.5156471380094698,2021-09-26,0.3649946638207044
CDU/CSU,20,Europe,-0.3305369805595076,2021-09-26,-0.9103362391033624
FDP,13,Economy,0.3440102427815726,1994-10-16,0.3465364279953401
FDP,13,Welfare,-0.694463235563683,1994-10-16,-0.45800558233950767
FDP,13,Migration,0.607395580214631,1994-10-16,NA
FDP,13,Europe,-0.45938281949086784,1994-10-16,-0.9585140486517064
FDP,14,Economy,0.2759506293624543,1998-09-27,0.8707713593912143
FDP,14,Welfare,-0.7791506150934463,1998-09-27,-0.3589849108367627
FDP,14,Migration,0.5485803448172263,1998-09-27,0.4222539229671897
FDP,14,Europe,-0.32950701178373304,1998-09-27,-0.9164159144098963
FDP,15,Economy,0.2730935570137082,2002-09-22,0.4444726810673442
FDP,15,Welfare,-0.762012054618467,2002-09-22,-0.5833859606509595
FDP,15,Migration,0.5628476893865202,2002-09-22,0.01869857890800304
FDP,15,Europe,-0.2789978271313644,2002-09-22,-0.6785840707964601
FDP,16,Economy,0.18163420074438452,2005-09-18,0.5834229198021932
FDP,16,Welfare,-0.7605357060911612,2005-09-18,-0.8480330519130592
FDP,16,Migration,0.45487161408713644,2005-09-18,-0.048005409060175704
FDP,16,Europe,-0.26478919758987723,2005-09-18,-0.5264239028944911
FDP,17,Economy,0.05343611918910849,2009-09-27,0.21536658684465285
FDP,17,Welfare,-0.8462859812851925,2009-09-27,-0.8038035098024818
FDP,17,Migration,0.3854844019429173,2009-09-27,-0.7492984097287184
FDP,17,Europe,-0.36807404391475773,2009-09-27,-0.6563776668179755
FDP,18,Economy,0.007896316626406557,2013-09-22,0.38491469619874286
FDP,18,Welfare,-0.794567785585192,2013-09-22,-0.5739689041988641
FDP,18,Migration,0.7606013339651638,2013-09-22,0.05644768856447684
FDP,18,Europe,-0.6015641746559727,2013-09-22,-0.242672919109027
FDP,19,Economy,0.16648820817943494,2017-09-24,0.3056395198203644
FDP,19,Welfare,-0.8552113238218638,2017-09-24,-0.8474937572324746
FDP,19,Migration,0.40143648486512384,2017-09-24,-0.5653220951234196
FDP,19,Europe,-0.3148396338604307,2017-09-24,-1
FDP,20,Economy,0.1804150818203045,2021-09-26,0.4953694175756328
FDP,20,Welfare,-0.8945219570149613,2021-09-26,-0.8574444556147583
FDP,20,Migration,0.28321318217057206,2021-09-26,-0.05887560867640548
FDP,20,Europe,-0.5222988281684838,2021-09-26,-0.9143518518518519
Grüne,13,Economy,0.10541958088586804,1994-10-16,-0.9231781110234151
Grüne,13,Welfare,-0.8343573940212354,1994-10-16,-1
Grüne,13,Migration,0.38101744833115564,1994-10-16,-1
Grüne,13,Europe,-0.11038574225170934,1994-10-16,-1
Grüne,14,Economy,0.13123261020924745,1998-09-27,-0.415511648481274
Grüne,14,Welfare,-0.8378267845129965,1998-09-27,-0.9713608735963737
Grüne,14,Migration,0.34782805683675744,1998-09-27,-1
Grüne,14,Europe,-0.4992208917513385,1998-09-27,-0.42892307692307696
Grüne,15,Economy,0.05884707315362565,2002-09-22,-0.27132001125809174
Grüne,15,Welfare,-0.8135795877652153,2002-09-22,-0.9872719558761136
Grüne,15,Migration,0.3798142707084729,2002-09-22,-0.2506486766995329
Grüne,15,Europe,-0.4824659806488504,2002-09-22,-0.9430740037950665
Grüne,16,Economy,-0.08716446507028182,2005-09-18,-0.4691101890272016
Grüne,16,Welfare,-0.8524203563310587,2005-09-18,-0.9746019711902957
Grüne,16,Migration,0.3032616865387175,2005-09-18,-0.9406919275123558
Grüne,16,Europe,-0.26262836936655526,2005-09-18,-0.8183875530410184
Grüne,17,Economy,-0.20479917439433667,2009-09-27,-0.7142258098333157
Grüne,17,Welfare,-0.8881969666002354,2009-09-27,-0.9941715237302248
Grüne,17,Migration,0.1651860036592084,2009-09-27,-0.9105431309904154
Grüne,17,Europe,-0.28494583610442203,2009-09-27,-0.8810964756140977
Grüne,18,Economy,-0.2190285296061037,2013-09-22,-0.3813459268004723
Grüne,18,Welfare,-0.8954219671192122,2013-09-22,-0.9878810653389074
Grüne,18,Migration,0.22626161587166962,2013-09-22,-0.6634408602150538
Grüne,18,Europe,-0.20416651258702415,2013-09-22,-0.8949624866023581
Grüne,19,Economy,-0.2040364964929491,2017-09-24,-0.7143587123147674
Grüne,19,Welfare,-0.9286868100541497,2017-09-24,-1
Grüne,19,Migration,0.23983556016868698,2017-09-24,-0.942518078991285
Grüne,19,Europe,-0.34017251660153885,2017-09-24,-0.9875627840229612
Grüne,20,Economy,-0.17619252108997063,2021-09-26,-0.5724405628335759
Grüne,20,Welfare,-0.9479695443232334,2021-09-26,-1
Grüne,20,Migration,0.11624567522581733,2021-09-26,-0.7573822825219473
Grüne,20,Europe,-0.541833260330305,2021-09-26,-0.9883122954651707
Linke,13,Economy,-0.01123810384215448,1994-10-16,0.24999999999999994
Linke,13,Welfare,-0.8645856088414581,1994-10-16,-1
Linke,13,Migration,0.37867795241529756,1994-10-16,-1
Linke,13,Europe,0.26756462387146596,1994-10-16,-1
Linke,14,Economy,-0.047579616990403965,1998-09-27,-0.6606039201836481
Linke,14,Welfare,-0.892505587450373,1998-09-27,-1
Linke,14,Migration,0.26612654112996753,1998-09-27,-0.8460431654676258
Linke,14,Europe,-0.0705680671967801,1998-09-27,0.6524216524216525
Linke,15,Economy,-0.03263638661562092,2002-09-22,-0.46874175679240304
Linke,15,Welfare,-0.87813229743721,2002-09-22,-1
Linke,15,Migration,0.3112813654639568,2002-09-22,-0.4546850998463901
Linke,15,Europe,-0.06766365577860892,2002-09-22,-0.6004501969611705
Linke,16,Economy,-0.294522182725162,2005-09-18,-0.7931647570130382
Linke,16,Welfare,-0.8937119982394994,2005-09-18,-1
Linke,16,Migration,0.26142409530927635,2005-09-18,-1
Linke,16,Europe,0.10065128716596701,2005-09-18,-0.3333333333333333
Linke,17,Economy,-0.40615091445096424,2009-09-27,-0.9085290482076637
Linke,17,Welfare,-0.9052815423710058,2009-09-27,-1
Linke,17,Migration,0.17797015206395392,2009-09-27,-1
Linke,17,Europe,0.11028275693635056,2009-09-27,-0.030241935483870917
Linke,18,Economy,-0.37350699162226614,2013-09-22,-0.7219708396178984
Linke,18,Welfare,-0.9173803595161744,2013-09-22,-0.9969761112791048
Linke,18,Migration,0.17317453839520702,2013-09-22,-1
Linke,18,Europe,0.18376877324575036,2013-09-22,0.11172161172161177
Linke,19,Economy,-0.4257255296506185,2017-09-24,-0.9780896110290496
Linke,19,Welfare,-0.937006181774449,2017-09-24,-1
Linke,19,Migration,0.14967068197507016,2017-09-24,-1
Linke,19,Europe,0.013200353505709488,2017-09-24,-0.955237242614145
Linke,20,Economy,-0.5359693393113623,2021-09-26,-0.939712341744897
Linke,20,Welfare,-0.9536051436897591,2021-09-26,-0.9986664973329946
Linke,20,Migration,0.04893643683772898,2021-09-26,-0.9741856177012906
Linke,20,Europe,0.03874291655022608,2021-09-26,-0.6771159874608152
SPD,13,Economy,0.11282760577039563,1994-10-16,-0.11999999999999994
SPD,13,Welfare,-0.8360563573311268,1994-10-16,-1
SPD,13,Migration,0.5071102947201745,1994-10-16,0
SPD,13,Europe,-0.27414388258823635,1994-10-16,-1
SPD,14,Economy,0.2034912661302262,1998-09-27,0.17648785499376238
SPD,14,Welfare,-0.8518860984680874,1998-09-27,-0.715816567736513
SPD,14,Migration,0.47273430670997696,1998-09-27,0.5239904988123516
SPD,14,Europe,-0.5246075571096639,1998-09-27,-1
SPD,15,Economy,0.17063548569360848,2002-09-22,-0.1341319717203457
SPD,15,Welfare,-0.8178712838878524,2002-09-22,-0.9035446970766841
SPD,15,Migration,0.531507365938552,2002-09-22,0.4613003095975233
SPD,15,Europe,-0.48457473766753695,2002-09-22,-0.8890876565295169
SPD,16,Economy,-0.02063372903446093,2005-09-18,-0.09908621374652363
SPD,16,Welfare,-0.8497635611497123,2005-09-18,-0.962040861895724
SPD,16,Migration,0.42592525213861127,2005-09-18,0.6003528892809882
SPD,16,Europe,-0.5345474148665633,2005-09-18,-0.6797178130511464
SPD,17,Economy,-0.20340198088784686,2009-09-27,-0.7000073599764481
SPD,17,Welfare,-0.8864333235780416,2009-09-27,-0.9957354056103109
SPD,17,Migration,0.3253966989802653,2009-09-27,-0.756596661281637
SPD,17,Europe,-0.3022958628570639,2009-09-27,-0.9209761766414877
SPD,18,Economy,-0.21457364255461225,2013-09-22,-0.36500427097706806
SPD,18,Welfare,-0.9212033611650803,2013-09-22,-0.9801882930822758
SPD,18,Migration,0.25470736382104675,2013-09-22,-0.01349206349206358
SPD,18,Europe,-0.48482182729900164,2013-09-22,-0.7272727272727273
SPD,19,Economy,-0.23306163302112878,2017-09-24,-0.5468685478320715
SPD,19,Welfare,-0.9320983429908195,2017-09-24,-1
SPD,19,Migration,0.36610400729479814,2017-09-24,-0.17306226175349423
SPD,19,Europe,-0.5944263897195967,2017-09-24,-1
SPD,20,Economy,-0.17956793777004595,2021-09-26,-0.6081372883282191
SPD,20,Welfare,-0.9443038469633251,2021-09-26,-1
SPD,20,Migration,0.17716080889316066,2021-09-26,-0.5650584795321637
SPD,20,Europe,-0.6707486392732117,2021-09-26,-1
