lp,domain,series,sd_polarization
13,Economy,Manifesto (all),0.2269769035396174
13,Economy,Manifesto (excl. AfD),0.2269769035396174
13,Economy,Speech (all),0.10481727106689602
13,Economy,Speech (excl. AfD),0.10481727106689602
13,Europe,Manifesto (all),0.01855308146520665
13,Europe,Manifesto (excl. AfD),0.01855308146520665
13,Europe,Speech (all),0.34157665703447715
13,Europe,Speech (excl. AfD),0.34157665703447715
13,Migration,Manifesto (all),0.9574271077563381
13,Migration,Manifesto (excl. AfD),0.9574271077563381
13,Migration,Speech (all),0.12260851252446611
13,Migration,Speech (excl. AfD),0.12260851252446611
13,Welfare,Manifesto (all),0.2944734165726308
13,Welfare,Manifesto (excl. AfD),0.2944734165726308
13,Welfare,Speech (all),0.08202788318704657
13,Welfare,Speech (excl. AfD),0.08202788318704657
14,Economy,Manifesto (all),0.35251865940849586
14,Economy,Manifesto (excl. AfD),0.35251865940849586
14,Economy,Speech (all),0.08821147923594867
14,Economy,Speech (excl. AfD),0.08821147923594867
14,Europe,Manifesto (all),0.6629391303191892
14,Europe,Manifesto (excl. AfD),0.6629391303191892
14,Europe,Speech (all),0.18747590830267744
14,Europe,Speech (excl. AfD),0.18747590830267744
14,Migration,Manifesto (all),0.8065711046644399
14,Migration,Manifesto (excl. AfD),0.8065711046644399
14,Migration,Speech (all),0.14708753954059012
14,Migration,Speech (excl. AfD),0.14708753954059012
14,Welfare,Manifesto (all),0.27408074445074315
14,Welfare,Manifesto (excl. AfD),0.27408074445074315
14,Welfare,Speech (all),0.048188631401083676
14,Welfare,Speech (excl. AfD),0.048188631401083676
15,Economy,Manifesto (all),0.19776630288977012
15,Economy,Manifesto (excl. AfD),0.19776630288977012
15,Economy,Speech (all),0.08282584421158909
15,Economy,Speech (excl. AfD),0.08282584421158909
15,Europe,Manifesto (all),0.26407323956454354
15,Europe,Manifesto (excl. AfD),0.26407323956454354
15,Europe,Speech (all),0.17892457337099277
15,Europe,Speech (excl. AfD),0.17892457337099277
15,Migration,Manifesto (all),0.5399801420077872
15,Migration,Manifesto (excl. AfD),0.5399801420077872
15,Migration,Speech (all),0.14076328627930723
15,Migration,Speech (excl. AfD),0.14076328627930723
15,Welfare,Manifesto (all),0.1820144875211716
15,Welfare,Manifesto (excl. AfD),0.1820144875211716
15,Welfare,Speech (all),0.04890459946599729
15,Welfare,Speech (excl. AfD),0.04890459946599729
16,Economy,Manifesto (all),0.36153407922035985
16,Economy,Manifesto (excl. AfD),0.36153407922035985
16,Economy,Speech (all),0.14072541113609438
16,Economy,Speech (excl. AfD),0.14072541113609438
16,Europe,Manifesto (all),0.3194152934337366
16,Europe,Manifesto (excl. AfD),0.3194152934337366
16,Europe,Speech (all),0.27699509862266164
16,Europe,Speech (excl. AfD),0.27699509862266164
16,Migration,Manifesto (all),0.8687677627976462
16,Migration,Manifesto (excl. AfD),0.8687677627976462
16,Migration,Speech (all),0.1130716502730305
16,Migration,Speech (excl. AfD),0.1130716502730305
16,Welfare,Manifesto (all),0.05943788732883606
16,Welfare,Manifesto (excl. AfD),0.05943788732883606
16,Welfare,Speech (all),0.05658860381179948
16,Welfare,Speech (excl. AfD),0.05658860381179948
17,Economy,Manifesto (all),0.2841962732926642
17,Economy,Manifesto (excl. AfD),0.2841962732926642
17,Economy,Speech (all),0.14659130671481657
17,Economy,Speech (excl. AfD),0.14659130671481657
17,Europe,Manifesto (all),0.3622643096378838
17,Europe,Manifesto (excl. AfD),0.3622643096378838
17,Europe,Speech (all),0.2439745561519794
17,Europe,Speech (excl. AfD),0.2439745561519794
17,Migration,Manifesto (all),0.4767497414692364
17,Migration,Manifesto (excl. AfD),0.4767497414692364
17,Migration,Speech (all),0.13358870951967186
17,Migration,Speech (excl. AfD),0.13358870951967186
17,Welfare,Manifesto (all),0.08555245331807357
17,Welfare,Manifesto (excl. AfD),0.08555245331807357
17,Welfare,Speech (all),0.028625107426181507
17,Welfare,Speech (excl. AfD),0.028625107426181507
18,Economy,Manifesto (all),0.5350196604627703
18,Economy,Manifesto (excl. AfD),0.3019272885486529
18,Economy,Speech (all),0.12526984719950315
18,Economy,Speech (excl. AfD),0.12526984719950315
18,Europe,Manifesto (all),0.629505249443494
18,Europe,Manifesto (excl. AfD),0.39895699847870303
18,Europe,Speech (all),0.35738727498123263
18,Europe,Speech (excl. AfD),0.35738727498123263
18,Migration,Manifesto (all),0.6474031318545059
18,Migration,Manifesto (excl. AfD),0.6513028856594484
18,Migration,Speech (all),0.26476832792956834
18,Migration,Speech (excl. AfD),0.26476832792956834
18,Welfare,Manifesto (all),0.1680133920642156
18,Welfare,Manifesto (excl. AfD),0.17976788875693905
18,Welfare,Speech (all),0.058867758870472096
18,Welfare,Speech (excl. AfD),0.058867758870472096
19,Economy,Manifesto (all),0.3915270955001259
19,Economy,Manifesto (excl. AfD),0.39496571255360585
19,Economy,Speech (all),0.1552865255682279
19,Economy,Speech (excl. AfD),0.1655573641700029
19,Europe,Manifesto (all),0.8120114654842417
19,Europe,Manifesto (excl. AfD),0.019390857378551327
19,Europe,Speech (all),0.477207169395908
19,Europe,Speech (excl. AfD),0.26368856240564775
19,Migration,Manifesto (all),0.7988555399617775
19,Migration,Manifesto (excl. AfD),0.6159796036100709
19,Migration,Speech (all),0.2013120897158387
19,Migration,Speech (excl. AfD),0.1647982333127889
19,Welfare,Manifesto (all),0.06146923126070089
19,Welfare,Manifesto (excl. AfD),0.0670642506982314
19,Welfare,Speech (all),0.0553073789790416
19,Welfare,Speech (excl. AfD),0.03892541535840789
20,Economy,Manifesto (all),0.40063010093743784
20,Economy,Manifesto (excl. AfD),0.375237915816463
20,Economy,Speech (all),0.17670776350170286
20,Economy,Speech (excl. AfD),0.19672491679756926
20,Europe,Manifesto (all),0.7180140012785522
20,Europe,Manifesto (excl. AfD),0.1301629947923211
20,Europe,Speech (all),0.5094970449580272
20,Europe,Speech (excl. AfD),0.30673925882461905
20,Migration,Manifesto (all),0.7445377339027449
20,Migration,Manifesto (excl. AfD),0.5445686790832532
20,Migration,Speech (all),0.26678464358781745
20,Migration,Speech (excl. AfD),0.19769328227591648
20,Welfare,Manifesto (all),0.05932781668576063
20,Welfare,Manifesto (excl. AfD),0.06257977645381603
20,Welfare,Speech (all),0.04932293676559225
20,Welfare,Speech (excl. AfD),0.03333431849591308
