party,bucket,mean_jsd_contrib,n_lps_used,is_owned
AfD,Democracy & Political System,0.03199227377273525,2,FALSE
AfD,Economy,0.0040586031458216786,2,FALSE
AfD,Environment,0.002438198169223415,2,FALSE
AfD,European Integration,0.0072026717914555755,2,FALSE
AfD,Foreign Policy & Defence,5.41031130483469e-4,2,FALSE
AfD,Law & Order and National Identity,0.008711911759971264,2,TRUE
AfD,Migration,0.01624990122188155,2,TRUE
AfD,Social Groups,4.898164438956448e-4,2,FALSE
AfD,Welfare & Social Policy,6.383617639615859e-5,2,FALSE
CDU/CSU,Democracy & Political System,0.051746506817011935,8,FALSE
CDU/CSU,Economy,0.007779919490534392,8,TRUE
CDU/CSU,Environment,0.0016988036965506369,8,FALSE
CDU/CSU,European Integration,0.0022493178177869703,8,FALSE
CDU/CSU,Foreign Policy & Defence,0.0013223486691147862,8,FALSE
CDU/CSU,Law & Order and National Identity,0.013239651012276117,8,TRUE
CDU/CSU,Migration,0.003971454186179044,8,FALSE
CDU/CSU,Social Groups,0.002078139426463085,8,FALSE
CDU/CSU,Welfare & Social Policy,0.0027711245496005875,8,FALSE
FDP,Democracy & Political System,0.02734743557002813,8,FALSE
FDP,Economy,0.01695488579836704,8,TRUE
FDP,Environment,0.002925196421694657,8,FALSE
FDP,European Integration,0.004871767130823638,8,FALSE
FDP,Foreign Policy & Defence,0.012353241740490871,8,FALSE
FDP,Law & Order and National Identity,0.0010003799145569658,8,FALSE
FDP,Migration,0.0032348869158862785,8,FALSE
FDP,Social Groups,0.004317998915565226,8,FALSE
FDP,Welfare & Social Policy,0.01095151707143666,8,FALSE
Grüne,Democracy & Political System,0.03272705718502544,8,FALSE
Grüne,Economy,0.001176348098542234,8,FALSE
Grüne,Environment,0.011947592105516725,8,TRUE
Grüne,European Integration,0.0012788242728714056,8,FALSE
Grüne,Foreign Policy & Defence,0.0011154349105886915,8,FALSE
Grüne,Law & Order and National Identity,5.645537892390918e-4,8,FALSE
Grüne,Migration,0.0013353865592539186,8,FALSE
Grüne,Social Groups,0.0056552286883234945,8,FALSE
Grüne,Welfare & Social Policy,0.011910348635968591,8,FALSE
Linke,Democracy & Political System,0.02970481627294015,8,FALSE
Linke,Economy,0.0019828638389080026,8,FALSE
Linke,Environment,0.002181675122384446,8,FALSE
Linke,European Integration,0.0014638460676614634,8,FALSE
Linke,Foreign Policy & Defence,0.002560263481858835,8,FALSE
Linke,Law & Order and National Identity,0.0016376670756070432,8,FALSE
Linke,Migration,0.001477376759632047,8,FALSE
Linke,Social Groups,0.0099586319657184,8,FALSE
Linke,Welfare & Social Policy,0.015307713540214669,8,TRUE
SPD,Democracy & Political System,0.047167486812931946,8,FALSE
SPD,Economy,0.005123725863125435,8,FALSE
SPD,Environment,0.0033133882447441234,8,FALSE
SPD,European Integration,0.0010317824175957663,8,FALSE
SPD,Foreign Policy & Defence,0.001926403391555581,8,FALSE
SPD,Law & Order and National Identity,0.00199883626548726,8,FALSE
SPD,Migration,6.57616754117422e-4,8,FALSE
SPD,Social Groups,0.00443611143067875,8,FALSE
SPD,Welfare & Social Policy,0.011305785129505103,8,TRUE
