party,domain,mean_jsd_within_domain,n_lps_used,is_owned
AfD,Economy,0.02644914061614361,2,FALSE
AfD,Europe,0.06564213410855134,2,FALSE
AfD,Migration,0.057154783668741084,2,TRUE
AfD,Welfare,0.027724567767098106,2,FALSE
CDU/CSU,Economy,0.011776407470488292,8,TRUE
CDU/CSU,Europe,0.05888196884505445,8,FALSE
CDU/CSU,Migration,0.02595772893924192,8,FALSE
CDU/CSU,Welfare,0.012952819722738663,8,FALSE
FDP,Economy,0.022396571998534058,8,TRUE
FDP,Europe,0.07239581160587316,8,FALSE
FDP,Migration,0.09741310858617994,7,FALSE
FDP,Welfare,0.012186382585576427,8,FALSE
Grüne,Economy,0.04324293143485628,8,FALSE
Grüne,Europe,0.11993766492410425,8,FALSE
Grüne,Migration,0.2896564938644514,8,FALSE
Grüne,Welfare,0.022814259474816252,8,FALSE
Linke,Economy,0.05725061065993747,8,FALSE
Linke,Europe,0.12437374915835599,8,FALSE
Linke,Migration,0.3397699056293736,8,FALSE
Linke,Welfare,0.02340129137354964,8,TRUE
SPD,Economy,0.01864892955029392,8,FALSE
SPD,Europe,0.09312142031383525,8,FALSE
SPD,Migration,0.05883966587031506,8,FALSE
SPD,Welfare,0.016421155819118467,8,TRUE
