lp,domain,channel,mean_pos
13,Economy,Manifesto,0.031101505053787573
13,Economy,Speech,0.22321835586625213
13,Europe,Manifesto,-0.9970336470020391
13,Europe,Speech,-0.32784190037262934
13,Migration,Manifesto,0.33258928571428575
13,Migration,Speech,0.5645307399733174
13,Welfare,Manifesto,-0.7319377787342737
13,Welfare,Speech,-0.780489333368649
14,Economy,Manifesto,0.33915594776549574
14,Economy,Speech,0.20443143583061288
14,Europe,Manifesto,-0.714768221886974
14,Europe,Speech,-0.389199384839958
14,Migration,Manifesto,0.3875996338291156
14,Migration,Speech,0.5046417260826176
14,Welfare,Manifesto,-0.6643815936504429
14,Welfare,Speech,-0.8364363782477926
15,Economy,Manifesto,0.04708099337303815
15,Economy,Speech,0.20610236879211838
15,Europe,Manifesto,-0.6243115043279956
15,Europe,Speech,-0.33632354518502616
15,Migration,Manifesto,0.49147774386934734
15,Migration,Speech,0.5637997090194486
15,Welfare,Manifesto,-0.8161115027505568
15,Welfare,Speech,-0.8040549382820396
16,Economy,Manifesto,0.10510481401566141
16,Economy,Speech,0.017934056194271228
16,Europe,Manifesto,-0.3951483607744528
16,Europe,Speech,-0.38807873860783737
16,Migration,Manifesto,0.37064779971079315
16,Migration,Speech,0.4422245680137659
16,Welfare,Manifesto,-0.9395330564645751
16,Welfare,Speech,-0.8309955076847702
17,Economy,Manifesto,-0.33905011231624965
17,Economy,Speech,-0.09878345909099784
17,Europe,Manifesto,-0.6026181862428415
17,Europe,Speech,-0.30867521375170975
17,Migration,Manifesto,-0.4651401290116128
17,Migration,Speech,0.3655170938497359
17,Welfare,Manifesto,-0.9641587276979766
17,Welfare,Speech,-0.8689387781639611
18,Economy,Manifesto,-0.06866815386474243
18,Economy,Speech,-0.1050976761777851
18,Europe,Manifesto,-0.46560215352407097
18,Europe,Speech,-0.38681839773012333
18,Migration,Manifesto,0.16589129633921187
18,Migration,Speech,0.36350529083678035
18,Welfare,Manifesto,-0.9111785079809664
18,Welfare,Speech,-0.8943717247363853
19,Economy,Manifesto,-0.2832535702031144
19,Economy,Speech,-0.0626392763895918
19,Europe,Manifesto,-0.7286655212009967
19,Europe,Speech,-0.28087379942112006
19,Migration,Manifesto,0.013330141132150392
19,Migration,Speech,0.44291234611777164
19,Welfare,Manifesto,-0.9786285061985855
19,Welfare,Speech,-0.8909502813032688
20,Economy,Manifesto,-0.1495122756861488
20,Economy,Speech,-0.04659338956464657
20,Europe,Manifesto,-0.7390261396844021
20,Europe,Speech,-0.35499320789207617
20,Migration,Manifesto,-0.13448852850371873
20,Migration,Speech,0.32654324240360316
20,Welfare,Manifesto,-0.9556994472779708
20,Welfare,Speech,-0.9111999580128152
