domain,channel,n,Post-2017 (LP 19–20),Pre-2017 (LP 13–18),delta
Economy,Manifesto,2,0.4432321414210475,NA,NA
Economy,Manifesto,6,NA,0.3798537915944229,NA
Economy,Speech,2,0.18647275909005867,NA,NA
Economy,Speech,6,NA,0.11575118919017494,NA
Welfare,Manifesto,2,0.048501658997287714,NA,NA
Welfare,Manifesto,6,NA,0.12593899071357265,NA
Welfare,Speech,2,0.04107308466908255,NA,NA
Welfare,Speech,6,NA,0.029515419004469787,NA
Migration,Manifesto,2,0.6291445274919039,NA,NA
Migration,Manifesto,6,NA,0.5552341825572665,NA
Migration,Speech,2,0.1851966764698964,NA,NA
Migration,Speech,6,NA,0.10216933963304217,NA
Europe,Manifesto,2,0.6219484272017309,NA,NA
Europe,Manifesto,6,NA,0.28074653309795067,NA
Europe,Speech,2,0.3854794644109986,NA,NA
Europe,Speech,6,NA,0.16954015775345133,NA
