lp,domain,channel,mean_pos,polarization,n_parties,variant
13,Economy,Manifesto,0.031101505053787573,0.32942505844461006,5,All parties
13,Economy,Speech,0.22321835586625213,0.12313525526783997,5,All parties
13,Europe,Manifesto,-0.9970336470020391,0.010689374445998169,5,All parties
13,Europe,Speech,-0.32784190037262934,0.16660244612109806,5,All parties
13,Migration,Manifesto,0.33258928571428575,0.6950786768618796,4,All parties
13,Migration,Speech,0.5645307399733174,0.09495080451546144,5,All parties
13,Welfare,Manifesto,-0.7319377787342737,0.2672390089307682,5,All parties
13,Welfare,Speech,-0.780489333368649,0.057874454937251484,5,All parties
14,Economy,Manifesto,0.33915594776549574,0.4246335595383982,5,All parties
14,Economy,Speech,0.20443143583061288,0.06872175439373503,5,All parties
14,Europe,Manifesto,-0.714768221886974,0.38760504358739195,5,All parties
14,Europe,Speech,-0.389199384839958,0.14418164737243983,5,All parties
14,Migration,Manifesto,0.3875996338291156,0.5070123001531709,5,All parties
14,Migration,Speech,0.5046417260826176,0.09374335397434433,5,All parties
14,Welfare,Manifesto,-0.6643815936504429,0.1578880411919312,5,All parties
14,Welfare,Speech,-0.8364363782477926,0.024406092360861897,5,All parties
15,Economy,Manifesto,0.04708099337303815,0.2568175069470334,5,All parties
15,Economy,Speech,0.20610236879211838,0.0661990191945013,5,All parties
15,Europe,Manifesto,-0.6243115043279956,0.28988387361781637,5,All parties
15,Europe,Speech,-0.33632354518502616,0.15297380650082015,5,All parties
15,Migration,Manifesto,0.49147774386934734,0.4025288250050734,5,All parties
15,Migration,Speech,0.5637997090194486,0.07778850466941288,5,All parties
15,Welfare,Manifesto,-0.8161115027505568,0.12300455557849214,5,All parties
15,Welfare,Speech,-0.8040549382820396,0.01652461306815052,5,All parties
16,Economy,Manifesto,0.10510481401566141,0.45126527200590283,5,All parties
16,Economy,Speech,0.017934056194271228,0.1258418903933937,5,All parties
16,Europe,Manifesto,-0.3951483607744528,0.3214357222746026,5,All parties
16,Europe,Speech,-0.38807873860783737,0.17896432474033028,5,All parties
16,Migration,Manifesto,0.37064779971079315,0.6756891561416191,5,All parties
16,Migration,Speech,0.4422245680137659,0.08596600823751384,5,All parties
16,Welfare,Manifesto,-0.9395330564645751,0.04010463246313825,5,All parties
16,Welfare,Speech,-0.8309955076847702,0.03377623835433243,5,All parties
17,Economy,Manifesto,-0.33905011231624965,0.4180600569524098,5,All parties
17,Economy,Speech,-0.09878345909099784,0.15975283445400393,5,All parties
17,Europe,Manifesto,-0.6026181862428415,0.2851376709030449,5,All parties
17,Europe,Speech,-0.30867521375170975,0.16611477647690376,5,All parties
17,Migration,Manifesto,-0.4651401290116128,0.4941884312172872,5,All parties
17,Migration,Speech,0.3655170938497359,0.12616287805119883,5,All parties
17,Welfare,Manifesto,-0.9641587276979766,0.068845551486039,5,All parties
17,Welfare,Speech,-0.8689387781639611,0.022072593726500937,5,All parties
18,Economy,Manifesto,-0.06866815386474243,0.39892129567818313,6,All parties
18,Economy,Speech,-0.1050976761777851,0.15085638143757568,4,All parties
18,Europe,Manifesto,-0.46560215352407097,0.3897275137588501,6,All parties
18,Europe,Speech,-0.38681839773012333,0.2084039453091158,4,All parties
18,Migration,Manifesto,0.16589129633921187,0.5569077059645691,6,All parties
18,Migration,Speech,0.36350529083678035,0.13440448835032168,4,All parties
18,Welfare,Manifesto,-0.9111785079809664,0.09855215463106706,6,All parties
18,Welfare,Speech,-0.8943717247363853,0.02243852157972144,4,All parties
19,Economy,Manifesto,-0.2832535702031144,0.38424257885643787,6,All parties
19,Economy,Speech,-0.0626392763895918,0.18591438771025512,6,All parties
19,Europe,Manifesto,-0.7286655212009967,0.6769284634425814,6,All parties
19,Europe,Speech,-0.28087379942112006,0.3809040421984003,6,All parties
19,Migration,Manifesto,0.013330141132150392,0.6583451714038521,6,All parties
19,Migration,Speech,0.44291234611777164,0.15908284182608945,6,All parties
19,Welfare,Manifesto,-0.9786285061985855,0.04709789341854442,6,All parties
19,Welfare,Speech,-0.8909502813032688,0.042933397224425095,6,All parties
20,Economy,Manifesto,-0.1495122756861488,0.5022217039856571,6,All parties
20,Economy,Speech,-0.04659338956464657,0.1870311304698622,6,All parties
20,Europe,Manifesto,-0.7390261396844021,0.5669683909608805,6,All parties
20,Europe,Speech,-0.35499320789207617,0.39005488662359694,6,All parties
20,Migration,Manifesto,-0.13448852850371873,0.5999438835799557,6,All parties
20,Migration,Speech,0.32654324240360316,0.21131051111370336,6,All parties
20,Welfare,Manifesto,-0.9556994472779708,0.049905424576031004,6,All parties
20,Welfare,Speech,-0.9111999580128152,0.03921277211374001,6,All parties
13,Economy,Manifesto,0.031101505053787573,0.32942505844461006,5,Excl. AfD
13,Economy,Speech,0.22321835586625213,0.12313525526783997,5,Excl. AfD
13,Europe,Manifesto,-0.9970336470020391,0.010689374445998169,5,Excl. AfD
13,Europe,Speech,-0.32784190037262934,0.16660244612109806,5,Excl. AfD
13,Migration,Manifesto,0.33258928571428575,0.6950786768618796,4,Excl. AfD
13,Migration,Speech,0.5645307399733174,0.09495080451546144,5,Excl. AfD
13,Welfare,Manifesto,-0.7319377787342737,0.2672390089307682,5,Excl. AfD
13,Welfare,Speech,-0.780489333368649,0.057874454937251484,5,Excl. AfD
14,Economy,Manifesto,0.33915594776549574,0.4246335595383982,5,Excl. AfD
14,Economy,Speech,0.20443143583061288,0.06872175439373503,5,Excl. AfD
14,Europe,Manifesto,-0.714768221886974,0.38760504358739195,5,Excl. AfD
14,Europe,Speech,-0.389199384839958,0.14418164737243983,5,Excl. AfD
14,Migration,Manifesto,0.3875996338291156,0.5070123001531709,5,Excl. AfD
14,Migration,Speech,0.5046417260826176,0.09374335397434433,5,Excl. AfD
14,Welfare,Manifesto,-0.6643815936504429,0.1578880411919312,5,Excl. AfD
14,Welfare,Speech,-0.8364363782477926,0.024406092360861897,5,Excl. AfD
15,Economy,Manifesto,0.04708099337303815,0.2568175069470334,5,Excl. AfD
15,Economy,Speech,0.20610236879211838,0.0661990191945013,5,Excl. AfD
15,Europe,Manifesto,-0.6243115043279956,0.28988387361781637,5,Excl. AfD
15,Europe,Speech,-0.33632354518502616,0.15297380650082015,5,Excl. AfD
15,Migration,Manifesto,0.49147774386934734,0.4025288250050734,5,Excl. AfD
15,Migration,Speech,0.5637997090194486,0.07778850466941288,5,Excl. AfD
15,Welfare,Manifesto,-0.8161115027505568,0.12300455557849214,5,Excl. AfD
15,Welfare,Speech,-0.8040549382820396,0.01652461306815052,5,Excl. AfD
16,Economy,Manifesto,0.10510481401566141,0.45126527200590283,5,Excl. AfD
16,Economy,Speech,0.017934056194271228,0.1258418903933937,5,Excl. AfD
16,Europe,Manifesto,-0.3951483607744528,0.3214357222746026,5,Excl. AfD
16,Europe,Speech,-0.38807873860783737,0.17896432474033028,5,Excl. AfD
16,Migration,Manifesto,0.37064779971079315,0.6756891561416191,5,Excl. AfD
16,Migration,Speech,0.4422245680137659,0.08596600823751384,5,Excl. AfD
16,Welfare,Manifesto,-0.9395330564645751,0.04010463246313825,5,Excl. AfD
16,Welfare,Speech,-0.8309955076847702,0.03377623835433243,5,Excl. AfD
17,Economy,Manifesto,-0.33905011231624965,0.4180600569524098,5,Excl. AfD
17,Economy,Speech,-0.09878345909099784,0.15975283445400393,5,Excl. AfD
17,Europe,Manifesto,-0.6026181862428415,0.2851376709030449,5,Excl. AfD
17,Europe,Speech,-0.30867521375170975,0.16611477647690376,5,Excl. AfD
17,Migration,Manifesto,-0.4651401290116128,0.4941884312172872,5,Excl. AfD
17,Migration,Speech,0.3655170938497359,0.12616287805119883,5,Excl. AfD
17,Welfare,Manifesto,-0.9641587276979766,0.068845551486039,5,Excl. AfD
17,Welfare,Speech,-0.8689387781639611,0.022072593726500937,5,Excl. AfD
18,Economy,Manifesto,-0.12510343839467827,0.3225625441640192,5,Excl. AfD
18,Economy,Speech,-0.1050976761777851,0.15085638143757568,4,Excl. AfD
18,Europe,Manifesto,-0.53339684968341206,0.26130349208651993,5,Excl. AfD
18,Europe,Speech,-0.38681839773012333,0.2084039453091158,4,Excl. AfD
18,Migration,Manifesto,0.14824735356161967,0.5659667801350827,5,Excl. AfD
18,Migration,Speech,0.36350529083678035,0.13440448835032168,4,Excl. AfD
18,Welfare,Manifesto,-0.9064879348069278,0.09892831109864032,5,Excl. AfD
18,Welfare,Speech,-0.8943717247363853,0.02243852157972144,4,Excl. AfD
19,Economy,Manifesto,-0.3485728019866917,0.3717157097881598,5,Excl. AfD
19,Economy,Speech,-0.08815836409657624,0.18700259225431265,5,Excl. AfD
19,Europe,Manifesto,-0.9936434478084487,0.01416337521899794,5,Excl. AfD
19,Europe,Speech,-0.4150699038971136,0.17872261723469698,5,Excl. AfD
19,Migration,Manifesto,-0.13465315737907532,0.5788699555896444,5,Excl. AfD
19,Migration,Speech,0.4059320560214107,0.137503791823633,5,Excl. AfD
19,Welfare,Manifesto,-0.9753525837910695,0.049774354566058145,5,Excl. AfD
19,Welfare,Speech,-0.9041715928660963,0.028490893923376132,5,Excl. AfD
20,Economy,Manifesto,-0.2366081150513042,0.4658967706984064,5,Excl. AfD
20,Economy,Speech,-0.06131766865204967,0.19430788148784328,5,Excl. AfD
20,Europe,Manifesto,-0.939494320618887,0.07812971164873342,5,Excl. AfD
20,Europe,Speech,-0.4815155615634339,0.18794370071866467,5,Excl. AfD
20,Migration,Manifesto,-0.27636380658935106,0.4767393977391244,5,Excl. AfD
20,Migration,Speech,0.27529609972902247,0.16760900148329588,5,Excl. AfD
20,Welfare,Manifesto,-0.9614129527101809,0.05017859023083581,5,Excl. AfD
20,Welfare,Speech,-0.9218256446177688,0.027842162719680368,5,Excl. AfD
