human,bert,n
Democracy & Political System,Democracy & Political System,25
Economy,Democracy & Political System,2
Environment,Democracy & Political System,0
European Integration,Democracy & Political System,1
Foreign Policy & Defence,Democracy & Political System,6
Law & Order and National Identity,Democracy & Political System,2
Migration,Democracy & Political System,0
Nicht zuordenbar (000),Democracy & Political System,17
Social Groups,Democracy & Political System,1
Welfare & Social Policy,Democracy & Political System,2
Democracy & Political System,Economy,4
Economy,Economy,36
Environment,Economy,0
European Integration,Economy,1
Foreign Policy & Defence,Economy,1
Law & Order and National Identity,Economy,2
Migration,Economy,0
Nicht zuordenbar (000),Economy,1
Social Groups,Economy,0
Welfare & Social Policy,Economy,1
Democracy & Political System,Environment,2
Economy,Environment,4
Environment,Environment,11
European Integration,Environment,0
Foreign Policy & Defence,Environment,0
Law & Order and National Identity,Environment,0
Migration,Environment,0
Nicht zuordenbar (000),Environment,1
Social Groups,Environment,0
Welfare & Social Policy,Environment,0
Democracy & Political System,European Integration,5
Economy,European Integration,0
Environment,European Integration,1
European Integration,European Integration,13
Foreign Policy & Defence,European Integration,3
Law & Order and National Identity,European Integration,0
Migration,European Integration,1
Nicht zuordenbar (000),European Integration,0
Social Groups,European Integration,0
Welfare & Social Policy,European Integration,0
Democracy & Political System,Foreign Policy & Defence,0
Economy,Foreign Policy & Defence,0
Environment,Foreign Policy & Defence,0
European Integration,Foreign Policy & Defence,0
Foreign Policy & Defence,Foreign Policy & Defence,17
Law & Order and National Identity,Foreign Policy & Defence,1
Migration,Foreign Policy & Defence,0
Nicht zuordenbar (000),Foreign Policy & Defence,0
Social Groups,Foreign Policy & Defence,0
Welfare & Social Policy,Foreign Policy & Defence,0
Democracy & Political System,Law & Order and National Identity,1
Economy,Law & Order and National Identity,0
Environment,Law & Order and National Identity,0
European Integration,Law & Order and National Identity,0
Foreign Policy & Defence,Law & Order and National Identity,0
Law & Order and National Identity,Law & Order and National Identity,14
Migration,Law & Order and National Identity,1
Nicht zuordenbar (000),Law & Order and National Identity,0
Social Groups,Law & Order and National Identity,1
Welfare & Social Policy,Law & Order and National Identity,1
Democracy & Political System,Migration,2
Economy,Migration,1
Environment,Migration,0
European Integration,Migration,1
Foreign Policy & Defence,Migration,2
Law & Order and National Identity,Migration,3
Migration,Migration,17
Nicht zuordenbar (000),Migration,1
Social Groups,Migration,1
Welfare & Social Policy,Migration,0
Democracy & Political System,Nicht zuordenbar (000),0
Economy,Nicht zuordenbar (000),0
Environment,Nicht zuordenbar (000),0
European Integration,Nicht zuordenbar (000),0
Foreign Policy & Defence,Nicht zuordenbar (000),0
Law & Order and National Identity,Nicht zuordenbar (000),0
Migration,Nicht zuordenbar (000),0
Nicht zuordenbar (000),Nicht zuordenbar (000),0
Social Groups,Nicht zuordenbar (000),0
Welfare & Social Policy,Nicht zuordenbar (000),0
Democracy & Political System,Social Groups,1
Economy,Social Groups,5
Environment,Social Groups,0
European Integration,Social Groups,0
Foreign Policy & Defence,Social Groups,0
Law & Order and National Identity,Social Groups,0
Migration,Social Groups,2
Nicht zuordenbar (000),Social Groups,1
Social Groups,Social Groups,9
Welfare & Social Policy,Social Groups,1
Democracy & Political System,Welfare & Social Policy,7
Economy,Welfare & Social Policy,2
Environment,Welfare & Social Policy,0
European Integration,Welfare & Social Policy,0
Foreign Policy & Defence,Welfare & Social Policy,0
Law & Order and National Identity,Welfare & Social Policy,1
Migration,Welfare & Social Policy,0
Nicht zuordenbar (000),Welfare & Social Policy,2
Social Groups,Welfare & Social Policy,2
Welfare & Social Policy,Welfare & Social Policy,19
