sonnet_A,Democracy & Political System,Economy,Environment,European Integration,Foreign Policy & Defence,Law & Order and National Identity,Migration,Social Groups,Welfare & Social Policy
Democracy & Political System,1263,65,6,12,22,46,14,25,37
Economy,364,1042,28,15,23,23,19,123,70
Environment,97,67,333,6,8,6,0,7,7
European Integration,53,11,2,173,20,3,6,3,1
Foreign Policy & Defence,163,31,9,31,664,25,28,8,22
Law & Order and National Identity,104,13,1,4,14,249,13,19,18
Migration,65,1,0,2,12,12,119,7,5
Nicht zuordenbar (000),1570,167,37,17,91,125,37,100,145
Social Groups,39,23,15,4,6,2,1,228,17
Welfare & Social Policy,330,141,9,5,9,81,30,196,936
