gs_id,sentence,agg_A,agg_B,dps_fine,flag_unsure,note,speech_id,old_lp,old_party,old_date,old_stratum,src
GS0003,- Schreien Sie doch nicht andauernd dazwischen.,Migration,Migration restriktiv,,,,Erwin Marschewski__3,14,CDU/CSU,2000-04-13,Migration restriktiv,goldstandard_codingsheet_FINAL_merged.xlsx
GS0245,Keine Verschärfung ist aus meiner Sicht in der Änderung der Praxis bei Auskünften zu Fluggastdaten und zu Bankkontodaten zu sehen.,Democracy & Political System,Andere,,,,Gisela Piltz__1,17,FDP,2011-09-22,Democracy & Political System,goldstandard_codingsheet_FINAL_merged.xlsx
GS0235,"- Ich wusste, dass Sie denken, das habe mit dem Thema nichts zu tun.",Economy,Wirtschaft Allgemein,,,,Gregor Gysi__1,17,Linke,2010-12-17,Marktliberalismus,goldstandard_codingsheet_FINAL_merged.xlsx
GS0127,"Ludwig Erhard fasste dies einst so zusammen: Kein Staat kann seinen Bürgern mehr geben, als er ihnen vorher abgenommen hat … Genau deshalb brauchen wir schon heute eine Strategie, um aus den Schulden auch wieder herauszuwachsen.",Economy,Marktliberalismus,,,,Hansjörg Durz__1,19,CDU/CSU,2020-12-08,Marktliberalismus,goldstandard_codingsheet_FINAL_merged.xlsx
GS0258,"aufgrund der in folge der Interessenabwägung offensichtlich werdenden Erkenntnis, dass die Alternativen zu einem gemeinsamen Europa für die Mitgliedstaaten schlicht und einfach schlechter sind.",European Integration,Pro-EU,,,,Joseph Fischer__1,14,Grüne,2001-12-12,Contra-EU,goldstandard_codingsheet_FINAL_merged.xlsx
GS0106,"- Ich glaube, dass das seit Jahrzehnten der wirklich ernsthafteste Schritt der Türkei in Richtung Beitrittsfähigkeit und Reformen ist.",European Integration,Pro-EU,,,,Kerstin Müller__1,17,Grüne,2010-09-15,Pro-EU,goldstandard_codingsheet_FINAL_merged.xlsx
GS0141,: Lesen Sie das Handelsblatt!,Economy,Marktliberalismus,,,,Rainer Brüderle__1,17,FDP,2011-09-07,Wirtschaft Allgemein,goldstandard_codingsheet_FINAL_merged.xlsx
GS0084,- Besser lesen.,Law & Order and National Identity,Andere,,,,Sören Bartol__1,18,SPD,2014-10-16,Democracy & Political System,goldstandard_codingsheet_FINAL_merged.xlsx
GS0030,"Von 1 000 Personen eines Jahrgangs promovieren in Deutschland 2,7.",Welfare & Social Policy,Sozialstaat Ausbau,,,,Tankred Schipanski__1,17,CDU/CSU,2013-06-07,Sozialstaat Ausbau,goldstandard_codingsheet_FINAL_merged.xlsx
GS0227,Die Menschenrechte der behinderten Menschen in unserem Land werden festgeschrieben.,Social Groups,Andere,,,,Ulla Schmidt__1,17,SPD,2012-11-09,Democracy & Political System,goldstandard_codingsheet_FINAL_merged.xlsx
