ebene,vergleich,metrik,original,remap_305eq000,delta
A_Domaene,BERT_vs_HUMAN,accuracy,0.6216216216216216,0.637065637065637,0.015444015444015413
A_Domaene,BERT_vs_HUMAN,kappa,0.5696726175338656,0.5917224262548003,0.02204980872093476
A_Domaene,BERT_vs_HUMAN,macro_f1,0.6608629712147718,0.6417066689834325,-0.01915630223133924
A_Domaene,BERT_vs_HUMAN,weighted_f1,0.5972047619014187,0.6304754089993525,0.033270647097933814
A_Domaene,BERT_vs_CLAUDE,accuracy,0.61003861003861,0.640926640926641,0.030888030888030937
A_Domaene,BERT_vs_CLAUDE,kappa,0.5629020669373569,0.5966137459807075,0.033711679043350595
A_Domaene,BERT_vs_CLAUDE,macro_f1,0.6691972259144571,0.6474805584645911,-0.021716667449866
A_Domaene,BERT_vs_CLAUDE,weighted_f1,0.5734941534673936,0.6377894339511986,0.06429528048380495
F_Feincode,BERT_vs_CLAUDE,accuracy,0.43243243243243246,0.47104247104247104,0.03861003861003859
F_Feincode,BERT_vs_CLAUDE,kappa,0.4183243193693281,0.4504127751188762,0.03208845574954805
F_Feincode,BERT_vs_CLAUDE,macro_f1,0.42805401803943605,0.4323262914649353,0.00427227342549924
F_Feincode,BERT_vs_CLAUDE,weighted_f1,0.41169897533046246,0.4702134229578133,0.05851444762735086
