vergleich,class,support,precision,recall,f1
BERT_vs_HUMAN,(keine Richtung),0,0,NA,NA
BERT_vs_HUMAN,Contra-EU,3,0.42857142857142855,1,0.6
BERT_vs_HUMAN,keine klare Richtung,6,0.4,1,0.5714285714285715
BERT_vs_HUMAN,Marktliberalismus,13,0.45454545454545453,0.38461538461538464,0.41666666666666663
BERT_vs_HUMAN,Migration liberal,11,0.7777777777777778,0.6363636363636364,0.7000000000000001
BERT_vs_HUMAN,Migration restriktiv,10,0.7,0.7,0.7
BERT_vs_HUMAN,Pro-EU,12,0.8571428571428571,0.5,0.631578947368421
BERT_vs_HUMAN,Sozialstaat Ausbau,14,1,0.42857142857142855,0.6
BERT_vs_HUMAN,Sozialstaat Begrenzung,7,0.6666666666666666,0.8571428571428571,0.75
BERT_vs_HUMAN,Staatsintervention,16,0.7,0.4375,0.5384615384615384
BERT_vs_HUMAN,Wirtschaft Allgemein,19,0.75,0.3157894736842105,0.44444444444444436
CLAUDE_vs_HUMAN,(keine Richtung),0,0,NA,NA
CLAUDE_vs_HUMAN,Contra-EU,3,1,1,1
CLAUDE_vs_HUMAN,keine klare Richtung,6,0.6,0.5,0.5454545454545454
CLAUDE_vs_HUMAN,Marktliberalismus,13,0.5,0.6153846153846154,0.5517241379310345
CLAUDE_vs_HUMAN,Migration liberal,11,0.9166666666666666,1,0.9565217391304348
CLAUDE_vs_HUMAN,Migration restriktiv,10,1,0.7,0.8235294117647058
CLAUDE_vs_HUMAN,Pro-EU,12,0.9,0.75,0.8181818181818182
CLAUDE_vs_HUMAN,Sozialstaat Ausbau,14,0.8,0.8571428571428571,0.8275862068965518
CLAUDE_vs_HUMAN,Sozialstaat Begrenzung,7,1,0.7142857142857143,0.8333333333333333
CLAUDE_vs_HUMAN,Staatsintervention,16,0.75,0.375,0.5
CLAUDE_vs_HUMAN,Wirtschaft Allgemein,19,0.8181818181818182,0.47368421052631576,0.6
