"human","Democracy...Political.System","Economy","Environment","European.Integration","Foreign.Policy...Defence","Law...Order.and.National.Identity","Migration","Nicht.zuordenbar..000.","Social.Groups","Welfare...Social.Policy"
"Democracy & Political System",16,10,2,2,1,1,0,9,1,5
"Economy",0,39,2,0,1,0,0,5,0,3
"Environment",0,1,8,1,0,0,0,2,0,0
"European Integration",1,1,0,10,1,0,1,2,0,0
"Foreign Policy & Defence",0,3,0,0,22,0,0,4,0,0
"Law & Order and National Identity",0,1,0,1,1,13,0,5,0,2
"Migration",0,0,0,0,1,2,16,2,0,0
"Nicht zuordenbar (000)",0,2,0,0,0,1,0,19,0,1
"Social Groups",1,4,0,0,1,0,0,0,1,7
"Welfare & Social Policy",0,7,0,0,1,0,0,2,0,14
