"gs_id","sentence","human_A","silver_A","human_B","silver_B","silver_conf"
"GS0001","Wollen Sie, dass die Länder und Kommunen noch weiter geknebelt werden, damit sie sich so gut wie nichts mehr für Kinder, Jugendliche, Bildung, Kultur und Sport leisten können?","Welfare & Social Policy","Economy","Sozialstaat Ausbau","Staatsintervention","medium"
"GS0003","- Schreien Sie doch nicht andauernd dazwischen.","Migration","Nicht zuordenbar (000)","Migration restriktiv","Andere","high"
"GS0004","In den Augen der Kapitaleigner dagegen leuchten die Dollarzeichen.","Welfare & Social Policy","Economy","Sozialstaat Ausbau","Staatsintervention","low"
"GS0007","Man hätte auch die Möglichkeit, das Homeschooling für Schüler zu beenden; denn das belastet die Eltern sehr.","Social Groups","Welfare & Social Policy","Andere","keine klare Richtung","medium"
"GS0013","Wir bitten darum, dass die Grundgesetzänderung in diesem Hohen Haus eine Mehrheit finden wird.","Democracy & Political System","Welfare & Social Policy","Andere","keine klare Richtung","low"
"GS0014","Wir werden in Deutschland alt und älter; die demographische Entwicklung zeigt dies auf.","Social Groups","Welfare & Social Policy","Andere","keine klare Richtung","low"
"GS0015","Die heimische Braunkohle trägt heute zu 25 Prozent zur Stromversorgung in Deutschland bei.","Environment","Economy","Andere","Wirtschaft Allgemein","medium"
"GS0017","Sie erhalten einen gesetzlich geregelten Leistungsanspruch auf digitale Gesundheitsanwendungen, und sie genießen die Vorteile einer stärkeren Einbindung telemedizinischer Anwendungen wie beispielsweise Telekonsilien oder Videosprechstunden.","Democracy & Political System","Welfare & Social Policy","Andere","Sozialstaat Ausbau","high"
"GS0023","Experten gehen davon aus, dass die Einnahmen der Heranziehung von 25 Prozent nicht einmal die Kosten des Personalaufwandes decken.","Welfare & Social Policy","Economy","Sozialstaat Begrenzung","Wirtschaft Allgemein","low"
"GS0026","Die Antwort war - es ging konkret um die Frage, ob möglicherweise aus dem Land Brandenburg eine "" Amtshilfe auf Forstarbeiterebene "" geleistet werden soll -, dass im Grunde genommen keine weiteren Arbeitskräfte gebraucht werden.","Social Groups","Economy","Andere","Wirtschaft Allgemein","low"
"GS0029","Deshalb wollen wir im Gesetz die Wortwahl für die Menschen mit Behinderungen, die zum leistungsberechtigten Personenkreis in der Eingliederungshilfe gehören, verändern.","Social Groups","Welfare & Social Policy","Andere","keine klare Richtung","medium"
"GS0031","Mit Singapur und Malaysia sind die Verhandlungen auf gutem Wege.","Foreign Policy & Defence","Economy","Andere","Wirtschaft Allgemein","low"
"GS0032","Sie fordern sogar, die Bundesregierung müsse ein Veto einlegen, wenn dies nicht vollständig gelinge.","European Integration","Migration","Contra-EU","Migration restriktiv","low"
"GS0039","Wir sind ein großes Land in der Mitte unseres Kontinents.","European Integration","Foreign Policy & Defence","Pro-EU","Andere","low"
"GS0041","Wir haben im Ausschuss eine Anhörung gehabt, wo reihum durch Gutachten des Wissenschaftlichen Dienstes dargelegt worden ist, dass das nicht europarechtskonform ist und dass das ganze Projekt scheitern muss.","Democracy & Political System","Economy","Andere","Wirtschaft Allgemein","low"
"GS0046","Genauso wenig macht es für eine Gewerkschaft Sinn, zu streiken, wenn sie weiß, dass das Ziel dieses Streiks, der Tarifvertrag, schlichtweg nicht mehr gilt.","Social Groups","Economy","Andere","Wirtschaft Allgemein","low"
"GS0047","Griechenland muss interne Reformen durchführen, die sicherlich schmerzlich sein werden.","European Integration","Economy","Pro-EU","Marktliberalismus","low"
"GS0048","Das heißt, an dem Thema „ Verfügbarkeit von Daten “ arbeiten wir hart.","Economy","Welfare & Social Policy","Wirtschaft Allgemein","keine klare Richtung","low"
"GS0056","Gott sei Dank hilft die Telekom, Gott sei Dank helfen inzwischen andere Sponsoren.","Economy","Nicht zuordenbar (000)","Marktliberalismus","Andere","low"
"GS0059","Die Kinder - und Jugendhilfe hat diese Aufmerksamkeit nämlich mehr als verdient.","Democracy & Political System","Welfare & Social Policy","Andere","keine klare Richtung","medium"
"GS0062","Wir wollen diesen Erfolg gemeinsam.","Democracy & Political System","European Integration","Andere","Pro-EU","medium"
"GS0064","Ich weiß, wovon ich rede.","Democracy & Political System","Nicht zuordenbar (000)","Andere","Andere","medium"
"GS0065","Wenn 90 Prozent der Mitglieder des Bundestages die europäische Verfassung wollen, dann sollte aus unserer Sicht in jedem Fall auch eine Volksabstimmung über die europäische Verfassung stattfinden.","European Integration","Democracy & Political System","Pro-EU","Andere","medium"
"GS0068","Selbstverständlich hat die Linke ein positives Verhältnis zu zukunftsfähigen Investitionen.","Democracy & Political System","Economy","Andere","Staatsintervention","medium"
"GS0069","Das könnte natürlich nicht nur in Bezug auf Food Waste ein Problem sein, sondern eben auch im Hinblick auf die Hungerbekämpfung in dieser Gesellschaft.","Economy","Environment","Wirtschaft Allgemein","Andere","low"
"GS0082","Kein Wort davon!","Foreign Policy & Defence","Nicht zuordenbar (000)","Andere","Andere","low"
"GS0084","- Besser lesen.","Law & Order and National Identity","Nicht zuordenbar (000)","Andere","Andere","high"
"GS0085","Ich möchte Sie bitten, Frau Präsidentin, den Wissenschaftlichen Dienst zu ersuchen, in einer leicht verständlichen Weise eine Expertise zu erstellen und diese beim Neueintritt von Mitgliedern des Deutschen Bundestages mit der Fahrkarte für die Deutsche Bahn und mit den Hinweisen, wo die Restaurants und die Toiletten sind, zu übergeben.","Democracy & Political System","Nicht zuordenbar (000)","Andere","Andere","medium"
"GS0086","Es geht außerdem um den Europäischen Gesundheitsdatenraum, der erst 2025 kommen soll.","Democracy & Political System","Welfare & Social Policy","Andere","keine klare Richtung","low"
"GS0089","Wie mööt besonners de Öllern noch unterstützen, de noch gewillt sin, in Öllernhüs Kinnern dat Plattdütsche bitobringen.","Nicht zuordenbar (000)","Welfare & Social Policy","Andere","keine klare Richtung","low"
"GS0090","Deshalb ist für uns in der Union auch die Arbeit in den Gedenkstätten und an Erinnerungsorten wie Hohenschönhausen, Hoheneck, Plauen oder Leipzig, um nur einige zu nennen, unverzichtbar.","Law & Order and National Identity","Welfare & Social Policy","Andere","keine klare Richtung","low"
"GS0091","Wir stellen dabei aber keine ungedeckten Schecks aus, wie Herr Finanzminister Waigel behauptete.","Democracy & Political System","Economy","Andere","Wirtschaft Allgemein","low"
"GS0093","Wir sollten ihnen helfen, und wir sollten uns nicht selber vorwerfen, dass wir am Ende noch daran schuld sind, dass diese Staatsgründung zustande gekommen ist und dass es den Menschen da jetzt so schlecht geht.","Law & Order and National Identity","Foreign Policy & Defence","Andere","Andere","low"
"GS0097","Deswegen könnten Sie statt der Ausweitung des Arbeitslosengeldes die Spielräume für Beitragssenkungen bis auf 3 Prozent mit dem Ergebnis besserer Chancen auf einen Arbeitsplatz und dem Ergebnis besserer staatlicher Finanzen ausnutzen; denn die Kassen werden nur von Menschen gefüllt, die Beiträge und Steuern zahlen.","Welfare & Social Policy","Economy","Sozialstaat Begrenzung","Marktliberalismus","medium"
"GS0100","Denn die Medienordnung stimmt seit langem nicht mehr mit dem überein, was tatsächlich Medienrealität ist.","Democracy & Political System","Economy","Andere","Wirtschaft Allgemein","low"
"GS0101","Herr Staatssekretär, wenn ich Sie richtig verstehe, sind Sie mit mir der Meinung, daß die Einbrüche im Kur - und Heilbäderbereich auch direkte Auswirkungen auf den Tourismusbereich in diesen Orten haben.","Law & Order and National Identity","Economy","Andere","Wirtschaft Allgemein","low"
"GS0103","So schnell wie möglich!","Welfare & Social Policy","Nicht zuordenbar (000)","Sozialstaat Begrenzung","Andere","low"
"GS0104","Es ist nicht das erste Nein.","European Integration","Nicht zuordenbar (000)","Contra-EU","Andere","low"
"GS0107","Herr Kollege, da ich so belesen bin, lese ich nicht nur Rechnungsprüfungsberichte und Haushalte, sondern kümmere mich auch darum, wie die Fusion von GTZ, InWEnt und DED funktionieren soll.","Democracy & Political System","Foreign Policy & Defence","Andere","Andere","low"
"GS0113","Inzwischen sind - nach der Rückkehr vieler Kosovo - Albaner im Sommer letzten Jahres - laut UNHCR im Januar mehr als 200 000 Roma, Serben und andere aus dem Kosovo geflüchtet.","Migration","Foreign Policy & Defence","Migration liberal","Andere","medium"
"GS0117","Ich finde, es ist eine runde Sache geworden.","Democracy & Political System","Nicht zuordenbar (000)","Andere","Andere","low"
"GS0118","Wir werden den Missbrauch von Leiharbeit, Zeitarbeit und Werkverträgen bekämpfen.","Social Groups","Economy","Andere","Staatsintervention","medium"
"GS0121","Es bahnt sich eine Wiederholung - dessen an, was ich vor fast drei Jahren als einziger parlamentarischer Beobachter aus Deutschland auf dem letzten EU - Lateinamerika - Gipfel in Madrid verfolgen konnte.","Foreign Policy & Defence","Economy","Andere","Wirtschaft Allgemein","low"
"GS0124","Ich sage noch ein letztes Stichwort.","Migration","Nicht zuordenbar (000)","Migration restriktiv","Andere","high"
"GS0125","Sie wissen genau, dass es nicht darum geht, heute einen Beschluss zu fassen, den man morgen realisiert, und in drei Tagen ist die Welt wieder heil.","Environment","Nicht zuordenbar (000)","Andere","Andere","low"
"GS0126","Wir müssen dafür Sorge tragen, dass die jungen Leute berufliche Perspektiven haben.","Social Groups","Welfare & Social Policy","Andere","Sozialstaat Ausbau","low"
"GS0128","Ich möchte Ihnen das an zwei Beispielen verdeutlichen.","Law & Order and National Identity","Nicht zuordenbar (000)","Andere","Andere","high"
"GS0131","Wir versuchen natürlich, entsprechende Rückschlüsse daraus zu ziehen, um uns und andere in die Lage zu versetzen, solche Dinge zukünftig zu vermeiden.","Economy","Nicht zuordenbar (000)","Staatsintervention","Andere","low"
"GS0135","Liebe Kollegen aus der Union, wenn Sie nun fordern, das Bundesjagdgesetz zu ändern und den Wolf in den Katalog der jagdbaren Arten aufzunehmen, ist das populistisch.","Democracy & Political System","Environment","Andere","Andere","medium"
"GS0136","Ich will an dieser Stelle nur einige Kritikpunkte nennen.","Environment","Nicht zuordenbar (000)","Andere","Andere","medium"
"GS0138","Ich folge Ihnen an diesem Punkt sehr klar.","Foreign Policy & Defence","Nicht zuordenbar (000)","Andere","Andere","low"
"GS0139","Ich glaube, auch in diesem Bereich muss es den wichtigen Impuls zur Sanierung und damit zur energetischen Optimierung geben.","Economy","Environment","Wirtschaft Allgemein","Andere","low"
"GS0141",": Lesen Sie das Handelsblatt!","Economy","Nicht zuordenbar (000)","Marktliberalismus","Andere","medium"
"GS0142","Wir nutzen die Chancen der elektronischen Kommunikation, um den Zugang zu Bildungsangeboten zu vereinfachen.","Economy","Welfare & Social Policy","Wirtschaft Allgemein","Sozialstaat Ausbau","low"
"GS0150","– Man kann das nicht oft genug sagen.","Democracy & Political System","Nicht zuordenbar (000)","Andere","Andere","low"
"GS0151","Man kann das ganz einfach formulieren.","European Integration","Nicht zuordenbar (000)","Pro-EU","Andere","medium"
"GS0156","Ich denke zum Beispiel an ein deutlich stärkeres Engagement des deutschen Fernsehens; das ist angesprochen worden.","Democracy & Political System","Welfare & Social Policy","Andere","keine klare Richtung","low"
"GS0159","In Ihrer ach so offensiven 5G - Strategie von 2017 kam das Thema „ Sicherheit der Netzausrüster “ nicht vor, und bei den Frequenzversteigerungen waren für Sie, für die Bundesregierung, die Erlöse wichtiger als alle Sicherheitsaspekte.","Democracy & Political System","Economy","Andere","Wirtschaft Allgemein","low"
"GS0161","Wir fragen uns aber vor allem: Wird das von uns geteilte Ziel, ein besserer grenzüberschreitender Schutz von Gewaltopfern, mit der vorgesehenen Richtlinie wirklich befördert und verbessert?","Law & Order and National Identity","European Integration","Andere","Contra-EU","low"
"GS0164","Aber man muss dazu sagen, dass wir uns allmählich doch überlegen müssen, ob noch weitere Kürzungen vorgenommen werden dürfen.","Welfare & Social Policy","Foreign Policy & Defence","Sozialstaat Begrenzung","Andere","low"
"GS0174","Wir haben in diesem Sommer ungefähr 50 Stunden -- ich glaube, es waren mehr -- verhandelt.","Democracy & Political System","Nicht zuordenbar (000)","Andere","Andere","medium"
"GS0178","Sie fahren Mitarbeiter zum Arbeitsplatz und vermitteln in ungewohnte Tätigkeiten.","Nicht zuordenbar (000)","Economy","Andere","Wirtschaft Allgemein","low"
"GS0180","Dieses Netzwerkdurchsetzungsgesetz ist in den wesentlichen Punkten – das finde ich besonders gut und interessant – auch in die Überlegungen zum Digital Services Act eingeflossen, und zentrale Bausteine sind dort integriert worden.","Democracy & Political System","Law & Order and National Identity","Andere","Andere","low"
"GS0185","Letztes Kernthema meines Hauses ist die Heimat - und Strukturpolitik.","Democracy & Political System","Economy","Andere","Wirtschaft Allgemein","low"
"GS0191","Knapp jeder fünfte dieser Väter ist sogar für zwölf Monate ganz oder teilweise aus dem Beruf ausgestiegen, um sich um das Kind zu kümmern.","Social Groups","Welfare & Social Policy","Andere","keine klare Richtung","medium"
"GS0192","Damit sind Sie bei mir gerade an der richtigen Adresse!","Welfare & Social Policy","Nicht zuordenbar (000)","Sozialstaat Begrenzung","Andere","low"
"GS0198","Die CDU / CSU - Fraktion wünscht ihm Glück, Erfolg und Gottes Segen.","Law & Order and National Identity","Nicht zuordenbar (000)","Andere","Andere","low"
"GS0199","Durch Sie sind die Menschen aus den Betrieben hinausgeworfen worden.","Welfare & Social Policy","Economy","Sozialstaat Begrenzung","Staatsintervention","low"
"GS0200","Ihre Beschlüsse haben sich ausgewirkt wie ein dramatischer Bodenfrost über der Konjunktur in Deutschland.","Democracy & Political System","Economy","Andere","Marktliberalismus","low"
"GS0201","Aber man sieht gegenwärtig nicht, daß Sie auch eine andere Politik durchsetzen wollen, insbesondere was den Bereich der inneren Sicherheit betrifft.","Nicht zuordenbar (000)","Law & Order and National Identity","Andere","Andere","low"
"GS0202","Wie gesagt: Seit vier Jahren sind Demonstranten Tag für Tag vor der Weltgesundheitsorganisation, um darauf aufmerksam zu machen.","Democracy & Political System","Environment","Andere","Andere","low"
"GS0204","Gute Nachrichten gibt es auch beim Sonderprogramm zur Sanierung der Westkasernen.","Social Groups","Foreign Policy & Defence","Andere","Andere","low"
"GS0205","Ich glaube nicht, dass das Deutschland und der deutschen Politik guttut.","Law & Order and National Identity","Nicht zuordenbar (000)","Andere","Andere","low"
"GS0208","Die Exportinitiative ist ein schönes Beispiel dafür, dass wir mit dem Einzelplan 16 einhalten, was wir versprochen haben, und es beweist, dass wir den Interessen der Menschen heute und den Interessen künftiger Generationen in Deutschland gerecht werden und unsere Verantwortung in der Welt nicht missachten.","Democracy & Political System","Economy","Andere","Wirtschaft Allgemein","low"
"GS0209","Wir sind einer der ersten EU - Staaten, die die EU - Vorgaben in nationales Recht umsetzen.","Environment","European Integration","Andere","Pro-EU","low"
"GS0210","Inzwischen wissen wir, dass das ein ausgesprochen schwieriges Thema ist.","Economy","Foreign Policy & Defence","Staatsintervention","Andere","low"
"GS0213","Hier offenbart sich noch etwas ganz anderes - das ist die Konsequenz, die wir für die Netzpolitik ziehen müssen -: Wir sehen, dass Netzpolitik in dieser Regierung von Innenpolitikern, Wirtschaftspolitikern und Anhängern einer falschen Wirtschaftspolitik geprägt wird.","Democracy & Political System","Economy","Andere","Wirtschaft Allgemein","low"
"GS0214","Warum wollen wir das tun, meine Damen und Herren?","Migration","Law & Order and National Identity","Migration restriktiv","Andere","low"
"GS0217","Zur erfolgreichen Durchführung der Erweiterung ist jetzt ein sehr ambitionierter Vertiefungsprozess gefordert, bei dem die Bundesregierung zusammen mit Frankreich natürlich eine besondere Verantwortung besitzt, der sie gerecht werden muss.","Democracy & Political System","European Integration","Andere","Pro-EU","medium"
"GS0219","Meine Damen und Herren!","Foreign Policy & Defence","Nicht zuordenbar (000)","Andere","Andere","high"
"GS0222","Jetzt kommt meine mathe matische Frage, die jeder Matheschüler aus dem zweiten Schuljahr beantworten kann: Wenn der Arbeitnehmer nach unserem Modell 12 Prozent und nach Ihrem 15 Prozent zahlt, wo ist dann die Belastung der Arbeitnehmer höher?","Social Groups","Welfare & Social Policy","Andere","keine klare Richtung","low"
"GS0225","Selbst die Beratung ist betroffen, zum Beispiel die Beratung für Frauen, die vergewaltigt worden sind, oder für schwangere Frauen, die sich mit dem Aidsvirus infiziert haben.","Law & Order and National Identity","Welfare & Social Policy","Andere","Sozialstaat Ausbau","low"
"GS0227","Die Menschenrechte der behinderten Menschen in unserem Land werden festgeschrieben.","Social Groups","Democracy & Political System","Andere","Andere","medium"
"GS0234","Wir wissen alle: Es gibt einen sehr detaillierten Finanzplan, der vorsieht, dass sich der Bund und das Land Berlin mit jeweils 35 Millionen Euro beteiligen.","Social Groups","Welfare & Social Policy","Andere","keine klare Richtung","low"
"GS0235","- Ich wusste, dass Sie denken, das habe mit dem Thema nichts zu tun.","Economy","Nicht zuordenbar (000)","Wirtschaft Allgemein","Andere","low"
"GS0242","Das zeigt, daß der umgekehrte Weg von Senkung und Entlastung die einzige Chance ist.","Welfare & Social Policy","Economy","Sozialstaat Ausbau","Marktliberalismus","low"
"GS0243","Das ist passiert.","Democracy & Political System","Nicht zuordenbar (000)","Andere","Andere","low"
"GS0244","In jedem Fall kann ich Ihnen bereits jetzt versichern, dass das Bundesministerium der Justiz bei der im Jahr 2012 – hoffentlich letzten – Evaluierung von § 52 a Urheberrechtsgesetz sowohl die Belange von Wissenschaft und Forschung als auch die Interessen der Rechtsinhaber ausreichend berücksichtigen wird.","Democracy & Political System","Economy","Andere","Wirtschaft Allgemein","low"
"GS0246","Nun kann man natürlich sagen: Das liegt daran, dass im September Wahlen sind.","Foreign Policy & Defence","Nicht zuordenbar (000)","Andere","Andere","low"
"GS0252","Herr Koppelin, eines muß ich Ihnen auch noch sagen.","Democracy & Political System","Nicht zuordenbar (000)","Andere","Andere","medium"
"GS0253","Mit uns wird Deutschland ein Land mit hohen Löhnen und hoher sozialer Sicherheit bleiben.","Economy","Welfare & Social Policy","Staatsintervention","Sozialstaat Ausbau","low"
"GS0255","Insofern ist es gut und wichtig, dass man Positionen überarbeitet und Überlegungen auf den Prüfstand stellt.","Democracy & Political System","Nicht zuordenbar (000)","Andere","Andere","low"
"GS0401","Das möchte ich auch in Form einer Synopse dargestellt haben.","Democracy & Political System","Nicht zuordenbar (000)","Andere","Andere","low"
"GS0404","In der Natur bestehen wir nur als Wesen, die kein Fell haben, um sich zu wärmen, keine Klauen, um Beute zu schlagen, indem wir die Stoffe der Natur und die Kräfte der Natur erkennen und neu montieren.","Nicht zuordenbar (000)","Economy","Andere","Wirtschaft Allgemein","low"
"GS0413","Deutschland wird allerdings darauf drängen, dass wir dieses Ziel auch wirklich erreichen und nicht auf halber Strecke stehen bleiben.","Foreign Policy & Defence","Economy","Andere","Wirtschaft Allgemein","low"
"GS0414","Wir wollen die Kontrollen verbessern.","Law & Order and National Identity","Nicht zuordenbar (000)","Andere","Andere","low"
"GS0418","Wir haben die innere Sicherheit massiv verbessert.","Migration","Law & Order and National Identity","Migration restriktiv","Andere","medium"
"GS0421","Das ist unter allen Arbeitsmarktwissenschaft - lern unstrittig.","Social Groups","Economy","Andere","Wirtschaft Allgemein","low"
"GS0422","Deshalb ist es höchste Zeit, dieses Gesetz zu hinterfragen.","Welfare & Social Policy","Economy","Sozialstaat Ausbau","Wirtschaft Allgemein","low"
"GS0424","Das ist die Wahrheit!","Economy","Nicht zuordenbar (000)","Wirtschaft Allgemein","Andere","low"
"GS0425","Die Milchprämie muss bis zum Ende der Laufzeit betriebsbezogen gewährt werden, denn gerade die Milchbauern haben nicht nur durch die aktuelle Preissituation, sondern auch durch die EU - Beschlüsse ganz gravierende Einbußen.","Democracy & Political System","Social Groups","Andere","Andere","low"
